--
-- PostgreSQL database dump
--

-- Dumped from database version 12.2
-- Dumped by pg_dump version 12.2

SET statement_timeout = 0;
SET lock_timeout = 0;
SET idle_in_transaction_session_timeout = 0;
SET client_encoding = 'UTF8';
SET standard_conforming_strings = on;
SELECT pg_catalog.set_config('search_path', '', false);
SET check_function_bodies = false;
SET xmloption = content;
SET client_min_messages = warning;
SET row_security = off;

DROP DATABASE IF EXISTS achievelt;
--
-- Name: achievelt; Type: DATABASE; Schema: -; Owner: postgres
--

CREATE DATABASE achievelt WITH TEMPLATE = template0 ENCODING = 'UTF8' LC_COLLATE = 'en_US.UTF-8' LC_CTYPE = 'en_US.UTF-8';


ALTER DATABASE achievelt OWNER TO postgres;

\connect achievelt

SET statement_timeout = 0;
SET lock_timeout = 0;
SET idle_in_transaction_session_timeout = 0;
SET client_encoding = 'UTF8';
SET standard_conforming_strings = on;
SELECT pg_catalog.set_config('search_path', '', false);
SET check_function_bodies = false;
SET xmloption = content;
SET client_min_messages = warning;
SET row_security = off;

--
-- Name: eclientlevel; Type: TYPE; Schema: public; Owner: postgres
--

CREATE TYPE public.eclientlevel AS ENUM (
    'unknown'
);


ALTER TYPE public.eclientlevel OWNER TO postgres;

--
-- Name: edepartment; Type: TYPE; Schema: public; Owner: postgres
--

CREATE TYPE public.edepartment AS ENUM (
    'administrative',
    'humanresource',
    'technology',
    'market'
);


ALTER TYPE public.edepartment OWNER TO postgres;

--
-- Name: eprojectstatus; Type: TYPE; Schema: public; Owner: postgres
--

CREATE TYPE public.eprojectstatus AS ENUM (
    'tobeapproved',
    'approved'
);


ALTER TYPE public.eprojectstatus OWNER TO postgres;

--
-- Name: erole; Type: TYPE; Schema: public; Owner: postgres
--

CREATE TYPE public.erole AS ENUM (
    'customer',
    'qamanager',
    'epgmanager',
    'configmanager',
    'projectmanager',
    'projectmember',
    'projectuplevel',
    'projectdeveloper',
    'projectdeveloperleader',
    'projecttester',
    'projecttesterleader',
    'projectepg',
    'projectresourcemanager'
);


ALTER TYPE public.erole OWNER TO postgres;

SET default_tablespace = '';

SET default_table_access_method = heap;

--
-- Name: archives; Type: TABLE; Schema: public; Owner: postgres
--

CREATE TABLE public.archives (
    projectid character varying NOT NULL,
    archivelink character varying,
    archived boolean
);


ALTER TABLE public.archives OWNER TO postgres;

--
-- Name: client; Type: TABLE; Schema: public; Owner: postgres
--

CREATE TABLE public.client (
    clientid character varying NOT NULL,
    clientcontactname character varying,
    clientcompany character varying,
    clientemail character varying,
    clientphone character varying,
    clientaddress character varying,
    clientlevel integer,
    deleted boolean
);


ALTER TABLE public.client OWNER TO postgres;

--
-- Name: deviceidlist; Type: TABLE; Schema: public; Owner: postgres
--

CREATE TABLE public.deviceidlist (
    deviceid character varying NOT NULL,
    occupied boolean NOT NULL
);


ALTER TABLE public.deviceidlist OWNER TO postgres;

--
-- Name: devices; Type: TABLE; Schema: public; Owner: postgres
--

CREATE TABLE public.devices (
    deviceregisteruuid uuid NOT NULL,
    deviceid character varying NOT NULL,
    userid character varying NOT NULL,
    projectid character varying NOT NULL,
    duedate date NOT NULL,
    returned boolean NOT NULL
);


ALTER TABLE public.devices OWNER TO postgres;

--
-- Name: domain; Type: TABLE; Schema: public; Owner: postgres
--

CREATE TABLE public.domain (
    projectid character varying NOT NULL,
    domain integer
);


ALTER TABLE public.domain OWNER TO postgres;

--
-- Name: domainlist; Type: TABLE; Schema: public; Owner: postgres
--

CREATE TABLE public.domainlist (
    domain integer NOT NULL,
    domaincontent character varying NOT NULL
);


ALTER TABLE public.domainlist OWNER TO postgres;

--
-- Name: featurelist; Type: TABLE; Schema: public; Owner: postgres
--

CREATE TABLE public.featurelist (
    featureid character varying NOT NULL,
    featurelevel integer NOT NULL,
    fatherid character varying,
    projectid character varying NOT NULL,
    featurename character varying NOT NULL,
    featuredescription character varying,
    deleted boolean,
    createtime date
);


ALTER TABLE public.featurelist OWNER TO postgres;

--
-- Name: filepermission; Type: TABLE; Schema: public; Owner: postgres
--

CREATE TABLE public.filepermission (
    projectid character varying NOT NULL,
    memberid character varying NOT NULL
);


ALTER TABLE public.filepermission OWNER TO postgres;

--
-- Name: gitpermission; Type: TABLE; Schema: public; Owner: postgres
--

CREATE TABLE public.gitpermission (
    projectid character varying NOT NULL,
    memberid character varying NOT NULL
);


ALTER TABLE public.gitpermission OWNER TO postgres;

--
-- Name: gitrepos; Type: TABLE; Schema: public; Owner: postgres
--

CREATE TABLE public.gitrepos (
    projectid character varying NOT NULL,
    gitrepo character varying
);


ALTER TABLE public.gitrepos OWNER TO postgres;

--
-- Name: mailpermission; Type: TABLE; Schema: public; Owner: postgres
--

CREATE TABLE public.mailpermission (
    projectid character varying NOT NULL,
    memberid character varying NOT NULL
);


ALTER TABLE public.mailpermission OWNER TO postgres;

--
-- Name: members; Type: TABLE; Schema: public; Owner: postgres
--

CREATE TABLE public.members (
    projectid character varying NOT NULL,
    memberid character varying NOT NULL,
    superiorid character varying NOT NULL,
    createtime date,
    deletetime date,
    memberrole character varying
);


ALTER TABLE public.members OWNER TO postgres;

--
-- Name: project; Type: TABLE; Schema: public; Owner: postgres
--

CREATE TABLE public.project (
    projectid character varying NOT NULL,
    projectname character varying,
    projectmanagerid character varying,
    projectmonitorid character varying,
    projectclientid character varying,
    projectstartdate date,
    projectenddate date,
    projectframeworks character varying,
    projectlanguages character varying,
    projectmilestones character varying,
    projectstatus integer
);


ALTER TABLE public.project OWNER TO postgres;

--
-- Name: projectidlist; Type: TABLE; Schema: public; Owner: postgres
--

CREATE TABLE public.projectidlist (
    projectid character varying NOT NULL
);


ALTER TABLE public.projectidlist OWNER TO postgres;

--
-- Name: projectsubstatus; Type: TABLE; Schema: public; Owner: postgres
--

CREATE TABLE public.projectsubstatus (
    projectid character varying NOT NULL,
    configurationcompleted boolean NOT NULL,
    allocatedqa boolean NOT NULL,
    allocatedepg boolean NOT NULL
);


ALTER TABLE public.projectsubstatus OWNER TO postgres;

--
-- Name: riskholders; Type: TABLE; Schema: public; Owner: postgres
--

CREATE TABLE public.riskholders (
    riskid integer NOT NULL,
    riskholder character varying NOT NULL
);


ALTER TABLE public.riskholders OWNER TO postgres;

--
-- Name: TABLE riskholders; Type: COMMENT; Schema: public; Owner: postgres
--

COMMENT ON TABLE public.riskholders IS '风险相关者';


--
-- Name: risklist; Type: TABLE; Schema: public; Owner: postgres
--

CREATE TABLE public.risklist (
    riskid integer NOT NULL,
    riskdescription character varying,
    risktype integer NOT NULL,
    riskcharger character varying NOT NULL,
    risklevel integer NOT NULL,
    riskinfluence integer NOT NULL,
    riskstatus integer NOT NULL,
    riskfrequency integer NOT NULL,
    riskstrategy character varying,
    risklastsendtime date,
    projectid character varying NOT NULL,
    riskchargername character varying NOT NULL
);


ALTER TABLE public.risklist OWNER TO postgres;

--
-- Name: risklist_riskid_seq; Type: SEQUENCE; Schema: public; Owner: postgres
--

CREATE SEQUENCE public.risklist_riskid_seq
    AS integer
    START WITH 1
    INCREMENT BY 1
    NO MINVALUE
    NO MAXVALUE
    CACHE 1;


ALTER TABLE public.risklist_riskid_seq OWNER TO postgres;

--
-- Name: risklist_riskid_seq; Type: SEQUENCE OWNED BY; Schema: public; Owner: postgres
--

ALTER SEQUENCE public.risklist_riskid_seq OWNED BY public.risklist.riskid;


--
-- Name: risktemplates; Type: TABLE; Schema: public; Owner: postgres
--

CREATE TABLE public.risktemplates (
    riskdescription character varying NOT NULL,
    risktype integer NOT NULL,
    risklevel integer NOT NULL,
    riskinfluence integer NOT NULL,
    riskstrategy character varying
);


ALTER TABLE public.risktemplates OWNER TO postgres;

--
-- Name: users; Type: TABLE; Schema: public; Owner: postgres
--

CREATE TABLE public.users (
    userid character varying NOT NULL,
    username character varying,
    userphone character varying,
    usermail character varying,
    userdepartment integer,
    userrole integer,
    userpassword character varying
);


ALTER TABLE public.users OWNER TO postgres;

--
-- Name: workhour; Type: TABLE; Schema: public; Owner: postgres
--

CREATE TABLE public.workhour (
    workhourid character varying NOT NULL,
    applytime date,
    applyerid character varying NOT NULL,
    approverid character varying,
    featurename character varying,
    activityname character varying,
    starttimestamp timestamp without time zone NOT NULL,
    endtimestamp timestamp without time zone NOT NULL,
    status integer NOT NULL,
    projectid character varying NOT NULL,
    applyername character varying,
    approvername character varying
);


ALTER TABLE public.workhour OWNER TO postgres;

--
-- Name: risklist riskid; Type: DEFAULT; Schema: public; Owner: postgres
--

ALTER TABLE ONLY public.risklist ALTER COLUMN riskid SET DEFAULT nextval('public.risklist_riskid_seq'::regclass);


--
-- Data for Name: archives; Type: TABLE DATA; Schema: public; Owner: postgres
--

COPY public.archives (projectid, archivelink, archived) FROM stdin;
2032-0000-S-01		f
2032-0000-S-20	www.google.com	t
2032-0000-S-04		f
2032-0000-S-03		f
2032-0000-S-05		f
2032-0000-S-06		f
2032-0000-S-07		f
2032-0000-S-08		f
2032-0000-S-09		f
2032-0000-S-10		f
2032-0000-S-11		f
2032-0000-S-00		f
2032-0000-S-12		f
2032-0000-S-13		f
2032-0000-S-15		f
2032-0000-S-19		f
2032-0000-S-14		f
2032-0000-S-16		f
2032-0000-S-18		f
2032-0000-S-17		f
\.


--
-- Data for Name: client; Type: TABLE DATA; Schema: public; Owner: postgres
--

COPY public.client (clientid, clientcontactname, clientcompany, clientemail, clientphone, clientaddress, clientlevel, deleted) FROM stdin;
0000	客户徐总	徐氏地产	wlxu@xrealestate.com	13788888888	北京市朝阳区徐氏地产大厦	0	f
0001	客户杨总	杨氏石油	zdyang@ypc.com	13888888888	北京东城区杨氏石油大厦	0	f
0002	客户高总	高氏制药	shangg@gpg.com	18988888888	深证市南山区高氏制药大厦	0	f
0003	客户王总	旺达集团	hwang@wangdagroup.com	13588888888	北京市东城区旺达大厦	0	f
0004	客户宁总	宁氏证券	jingn@nsecurities.com	13388888888	上海市陆家嘴上海中心大厦	0	f
0005	客户李总	李氏银行	szli@libank.com	13488888888	纽约市曼哈顿华尔街	0	f
0006	客户裴总	腾达集团	peiqian@tenda.com	13745678901	京州市腾达大厦	0	f
\.


--
-- Data for Name: deviceidlist; Type: TABLE DATA; Schema: public; Owner: postgres
--

COPY public.deviceidlist (deviceid, occupied) FROM stdin;
PHONE-20190311-0002	f
PC-20120125-0002	f
PC-20120125-0001	f
PHONE-20190311-0003	f
PHONE-20190311-0001	f
PHONE-20190521-0001	f
PAD-20190113-0001	f
PAD-20190213-0001	f
PAD-20190214-0001	f
PAD-20190714-0001	f
PAD-20190714-0002	f
PAD-20190714-0003	f
STORAGE-20190721-0003	f
STORAGE-20190721-0004	f
STORAGE-20190721-0005	f
STORAGE-20190315-0001	f
STORAGE-20190315-0002	f
STORAGE-20190915-0001	f
STORAGE-2019091-60001	f
PC-20190202-0002	f
PHONE-20120125-0001	f
PAD-20190121-0001	f
PC-20190202-0001	f
STORAGE-20190721-0002	f
PC-20190202-0004	f
PC-20190202-0003	f
PC-20120125-0003	f
PC-20190205-0001	f
STORAGE-20190721-0001	f
PC-20190305-0001	f
PHONE-20190315-0001	f
\.


--
-- Data for Name: devices; Type: TABLE DATA; Schema: public; Owner: postgres
--

COPY public.devices (deviceregisteruuid, deviceid, userid, projectid, duedate, returned) FROM stdin;
\.


--
-- Data for Name: domain; Type: TABLE DATA; Schema: public; Owner: postgres
--

COPY public.domain (projectid, domain) FROM stdin;
2032-0000-S-20	3
2032-0000-S-01	6
2032-0000-S-04	3
2032-0000-S-05	6
2032-0000-S-03	6
2032-0000-S-06	6
2032-0000-S-10	0
2032-0000-S-11	0
2032-0000-S-00	0
2032-0000-S-12	6
2032-0000-S-13	0
2032-0000-S-15	5
2032-0000-S-19	6
2032-0000-S-14	5
2032-0000-S-16	6
2032-0000-S-18	6
2032-0000-S-17	4
2032-0000-S-07	0
2032-0000-S-08	0
2032-0000-S-09	0
\.


--
-- Data for Name: domainlist; Type: TABLE DATA; Schema: public; Owner: postgres
--

COPY public.domainlist (domain, domaincontent) FROM stdin;
0	领域0
1	领域1
2	领域2
3	领域3
4	领域4
5	领域5
6	领域6
\.


--
-- Data for Name: featurelist; Type: TABLE DATA; Schema: public; Owner: postgres
--

COPY public.featurelist (featureid, featurelevel, fatherid, projectid, featurename, featuredescription, deleted, createtime) FROM stdin;
2032-0000-S-01-0001-001	1	2032-0000-S-01-0001	2032-0000-S-01	feature 2	desc 2	\N	\N
2032-0000-S-01-0001-001-001	2	2032-0000-S-01-0001-001	2032-0000-S-01	feature 3	desc 3	\N	\N
2032-0000-S-20-0001	0	\N	2032-0000-S-20	妖精王奇奇拉鲁	xxxxx	\N	2020-04-13
2032-0000-S-20-0002	0	\N	2032-0000-S-20	test		\N	2020-04-13
2032-0000-S-01-0002	0	\N	2032-0000-S-01	test	test	\N	2020-04-13
2032-0000-S-01-0001	0	\N	2032-0000-S-01	feature 1	desc	\N	2020-04-13
2032-0000-S-01-0003	0	\N	2032-0000-S-01	test 测试测试		\N	2020-04-13
2032-0000-S-01-0002-001	1	2032-0000-S-01-0002	2032-0000-S-01	122test2	test2	\N	\N
2032-0000-S-04-0001	0	\N	2032-0000-S-04	test	desc	\N	2020-04-13
2032-0000-S-04-0001-001	1	2032-0000-S-04-0001	2032-0000-S-04	test 2	desc 2	\N	\N
2032-0000-S-03-0002	0	\N	2032-0000-S-03	导入功能	导入	\N	2020-04-13
2032-0000-S-03-0002-001	1	2032-0000-S-03-0002	2032-0000-S-03	导入功能2	二级	\N	\N
2032-0000-S-05-0001	0	\N	2032-0000-S-05	feature	desc	\N	2020-04-13
2032-0000-S-00-0001	0	\N	2032-0000-S-00	牛逼功能	无	\N	2020-04-14
2032-0000-S-12-0001	0	\N	2032-0000-S-12	feature 1	descr	\N	2020-04-14
2032-0000-S-01-0001-002	1	2032-0000-S-01-0001	2032-0000-S-12	feature 2	descr 2	\N	2020-04-14
2032-0000-S-01-0001-001-002	2	2032-0000-S-01-0001-001	2032-0000-S-12	feature 3	descr 3	\N	2020-04-14
2032-0000-S-13-0001	0	\N	2032-0000-S-13	功能一号	无	\N	2020-04-14
2032-0000-S-13-0001-001	1	2032-0000-S-13-0001	2032-0000-S-13	功能二号	test!!!!!!!!!!!!!!!!!!!!!!!!!	\N	2020-04-14
2032-0000-S-15-0001	0	\N	2032-0000-S-15	feature 1	desc	\N	2020-04-14
2032-0000-S-15-0001-001	1	2032-0000-S-15-0001	2032-0000-S-15	feature 2	desc 2	\N	2020-04-14
2032-0000-S-15-0001-001-001	2	2032-0000-S-15-0001-001	2032-0000-S-15	feature 3	desc 3	\N	2020-04-14
2032-0000-S-19-0001	0	\N	2032-0000-S-19	feature 1	desc	\N	2020-04-14
2032-0000-S-19-0001-001	1	2032-0000-S-19-0001	2032-0000-S-19	feature 2	desc 2	\N	2020-04-14
2032-0000-S-19-0001-001-001	2	2032-0000-S-19-0001-001	2032-0000-S-19	feature 3	desc	\N	2020-04-14
2032-0000-S-19-0002	0	\N	2032-0000-S-19	导入功能	desc 1	\N	2020-04-14
2032-0000-S-19-0002-001	1	2032-0000-S-19-0002	2032-0000-S-19	导入功能2	desc 2	\N	2020-04-14
2032-0000-S-19-0002-001-001	2	2032-0000-S-19-0002-001	2032-0000-S-19	导入功能3	desc 3	\N	2020-04-14
2032-0000-S-14-0001	0	\N	2032-0000-S-14	fea1	test	\N	2020-04-14
2032-0000-S-14-0001-001	1	2032-0000-S-14-0001	2032-0000-S-14	fea2	fd	\N	2020-04-14
2032-0000-S-14-0001-001-001	2	2032-0000-S-14-0001-001	2032-0000-S-14	fea3	ttttt	\N	2020-04-14
2032-0000-S-16-0001	0	\N	2032-0000-S-16	fea 1	desc	\N	2020-04-15
2032-0000-S-16-0002	0	\N	2032-0000-S-16	fea 2	desc 2	\N	2020-04-15
2032-0000-S-16-0001-001	1	2032-0000-S-16-0001	2032-0000-S-16	fea 3	desc	\N	2020-04-15
2032-0000-S-16-0001-001-001	2	2032-0000-S-16-0001-001	2032-0000-S-16	fea level 3		\N	2020-04-15
2032-0000-S-18-0001	0	\N	2032-0000-S-18	fea 1		\N	2020-04-15
\.


--
-- Data for Name: filepermission; Type: TABLE DATA; Schema: public; Owner: postgres
--

COPY public.filepermission (projectid, memberid) FROM stdin;
2032-0000-S-01	0000
2032-0000-S-03	0001
2032-0000-S-03	0000
2032-0000-S-03	0008
2032-0000-S-03	0009
\.


--
-- Data for Name: gitpermission; Type: TABLE DATA; Schema: public; Owner: postgres
--

COPY public.gitpermission (projectid, memberid) FROM stdin;
2032-0000-S-01	0000
2032-0000-S-03	0000
2032-0000-S-03	0001
2032-0000-S-03	0008
2032-0000-S-03	0009
\.


--
-- Data for Name: gitrepos; Type: TABLE DATA; Schema: public; Owner: postgres
--

COPY public.gitrepos (projectid, gitrepo) FROM stdin;
2032-0000-S-01	
2032-0000-S-20	
2032-0000-S-04	
2032-0000-S-03	
2032-0000-S-05	
2032-0000-S-06	
2032-0000-S-07	
2032-0000-S-08	
2032-0000-S-09	
2032-0000-S-10	
2032-0000-S-11	
2032-0000-S-00	
2032-0000-S-12	
2032-0000-S-13	
2032-0000-S-15	
2032-0000-S-19	
2032-0000-S-14	
2032-0000-S-16	
2032-0000-S-18	
2032-0000-S-17	
\.


--
-- Data for Name: mailpermission; Type: TABLE DATA; Schema: public; Owner: postgres
--

COPY public.mailpermission (projectid, memberid) FROM stdin;
2032-0000-S-03	0000
2032-0000-S-03	0001
2032-0000-S-03	0008
2032-0000-S-03	0009
\.


--
-- Data for Name: members; Type: TABLE DATA; Schema: public; Owner: postgres
--

COPY public.members (projectid, memberid, superiorid, createtime, deletetime, memberrole) FROM stdin;
2032-0000-S-01	0000	0000	2020-04-13	\N	[0]
2032-0000-S-20	0000	0000	2020-04-13	\N	[0]
2032-0000-S-20	0005	0000	2020-04-13	\N	[6]
2032-0000-S-20	0006	0000	2020-04-13	\N	[7]
2032-0000-S-20	0007	0000	2020-04-13	\N	[3]
2032-0000-S-20	0008	0000	2020-04-13	\N	[3]
2032-0000-S-20	0009	0000	2020-04-13	\N	[3]
2032-0000-S-18	0000	0000	2020-04-15	\N	[0]
2032-0000-S-17	0000	0000	2020-04-15	\N	[0]
2032-0000-S-01	0002	0000	2020-04-13	\N	[7]
2032-0000-S-01	925370	0000	2020-04-13	\N	[2]
2032-0000-S-01	224208	0000	2020-04-13	\N	[2]
2032-0000-S-20	0002	0000	2020-04-13	\N	[1]
2032-0000-S-20	0003	0000	2020-04-13	\N	[1]
2032-0000-S-20	960755	0000	2020-04-13	\N	[2]
2032-0000-S-20	921545	0000	2020-04-13	\N	[2]
2032-0000-S-04	0000	0000	2020-04-13	\N	[0]
2032-0000-S-04	0006	0000	2020-04-13	\N	[]
2032-0000-S-04	0002	0000	2020-04-13	\N	[]
2032-0000-S-03	0000	0000	2020-04-13	\N	[0]
2032-0000-S-03	0001	0009	2020-04-13	\N	[2]
2032-0000-S-03	0008	0009	2020-04-13	\N	[1]
2032-0000-S-03	0009	0009	2020-04-13	\N	[7]
2032-0000-S-05	0000	0000	2020-04-13	\N	[0]
2032-0000-S-06	0000	0000	2020-04-13	\N	[0]
2032-0000-S-06	0007	0000	2020-04-13	\N	[]
2032-0000-S-07	0000	0000	2020-04-14	\N	[0]
2032-0000-S-08	0000	0000	2020-04-14	\N	[0]
2032-0000-S-09	0000	0000	2020-04-14	\N	[0]
2032-0000-S-10	0000	0000	2020-04-14	\N	[0]
2032-0000-S-11	0000	0000	2020-04-14	\N	[0]
2032-0000-S-00	0000	0000	2020-04-14	\N	[0]
2032-0000-S-12	0000	0000	2020-04-14	\N	[0]
2032-0000-S-13	0000	0000	2020-04-14	\N	[0]
2032-0000-S-15	0000	0000	2020-04-14	\N	[0]
2032-0000-S-19	0000	0000	2020-04-14	\N	[0]
2032-0000-S-14	0000	0000	2020-04-14	\N	[0]
2032-0000-S-16	0000	0000	2020-04-15	\N	[0]
2032-0000-S-11	test_userid_0	0000	2020-04-16	\N	[]
2032-0000-S-11	test_userid_1	0000	2020-04-16	\N	[]
2032-0000-S-11	test_userid_2	0000	2020-04-16	\N	[]
2032-0000-S-11	test_userid_3	0000	2020-04-16	\N	[]
2032-0000-S-11	test_userid_4	0000	2020-04-16	\N	[]
2032-0000-S-11	test_userid_5	0000	2020-04-16	\N	[]
2032-0000-S-11	test_userid_6	0000	2020-04-16	\N	[]
2032-0000-S-11	test_userid_7	0000	2020-04-16	\N	[]
2032-0000-S-11	test_userid_8	0000	2020-04-16	\N	[]
2032-0000-S-11	test_userid_9	0000	2020-04-16	\N	[]
2032-0000-S-11	test_userid_10	0000	2020-04-16	\N	[]
2032-0000-S-11	test_userid_11	0000	2020-04-16	\N	[]
2032-0000-S-11	test_userid_12	0000	2020-04-16	\N	[]
2032-0000-S-11	test_userid_13	0000	2020-04-16	\N	[]
2032-0000-S-11	test_userid_14	0000	2020-04-16	\N	[]
2032-0000-S-11	test_userid_15	0000	2020-04-16	\N	[]
2032-0000-S-11	test_userid_16	0000	2020-04-16	\N	[]
2032-0000-S-11	test_userid_17	0000	2020-04-16	\N	[]
2032-0000-S-11	test_userid_18	0000	2020-04-16	\N	[]
2032-0000-S-11	test_userid_19	0000	2020-04-16	\N	[]
2032-0000-S-11	test_userid_20	0000	2020-04-16	\N	[]
2032-0000-S-11	test_userid_21	0000	2020-04-16	\N	[]
2032-0000-S-11	test_userid_22	0000	2020-04-16	\N	[]
2032-0000-S-11	test_userid_23	0000	2020-04-16	\N	[]
2032-0000-S-11	test_userid_24	0000	2020-04-16	\N	[]
2032-0000-S-11	test_userid_25	0000	2020-04-16	\N	[]
2032-0000-S-11	test_userid_27	0000	2020-04-16	\N	[]
2032-0000-S-11	test_userid_28	0000	2020-04-16	\N	[]
2032-0000-S-11	test_userid_29	0000	2020-04-16	\N	[]
2032-0000-S-11	test_userid_30	0000	2020-04-16	\N	[]
2032-0000-S-11	test_userid_31	0000	2020-04-16	\N	[]
2032-0000-S-11	test_userid_32	0000	2020-04-16	\N	[]
2032-0000-S-11	test_userid_33	0000	2020-04-16	\N	[]
2032-0000-S-11	test_userid_34	0000	2020-04-16	\N	[]
2032-0000-S-11	test_userid_35	0000	2020-04-16	\N	[]
2032-0000-S-11	test_userid_36	0000	2020-04-16	\N	[]
2032-0000-S-11	test_userid_37	0000	2020-04-16	\N	[]
2032-0000-S-11	test_userid_38	0000	2020-04-16	\N	[]
2032-0000-S-11	test_userid_39	0000	2020-04-16	\N	[]
2032-0000-S-11	test_userid_40	0000	2020-04-16	\N	[]
2032-0000-S-11	test_userid_41	0000	2020-04-16	\N	[]
2032-0000-S-11	test_userid_42	0000	2020-04-16	\N	[]
2032-0000-S-11	test_userid_43	0000	2020-04-16	\N	[]
2032-0000-S-11	test_userid_44	0000	2020-04-16	\N	[]
2032-0000-S-11	test_userid_45	0000	2020-04-16	\N	[]
2032-0000-S-11	test_userid_46	0000	2020-04-16	\N	[]
2032-0000-S-11	test_userid_48	0000	2020-04-16	\N	[]
2032-0000-S-11	test_userid_49	0000	2020-04-16	\N	[]
2032-0000-S-11	test_userid_50	0000	2020-04-16	\N	[]
2032-0000-S-11	test_userid_51	0000	2020-04-16	\N	[]
2032-0000-S-11	test_userid_52	0000	2020-04-16	\N	[]
2032-0000-S-11	test_userid_53	0000	2020-04-16	\N	[]
2032-0000-S-11	test_userid_54	0000	2020-04-16	\N	[]
2032-0000-S-11	test_userid_55	0000	2020-04-16	\N	[]
2032-0000-S-11	test_userid_56	0000	2020-04-16	\N	[]
2032-0000-S-11	test_userid_57	0000	2020-04-16	\N	[]
2032-0000-S-11	test_userid_58	0000	2020-04-16	\N	[]
2032-0000-S-11	test_userid_60	0000	2020-04-16	\N	[]
2032-0000-S-11	test_userid_61	0000	2020-04-16	\N	[]
2032-0000-S-11	test_userid_62	0000	2020-04-16	\N	[]
2032-0000-S-11	test_userid_63	0000	2020-04-16	\N	[]
2032-0000-S-11	test_userid_64	0000	2020-04-16	\N	[]
2032-0000-S-11	test_userid_66	0000	2020-04-16	\N	[]
2032-0000-S-11	test_userid_67	0000	2020-04-16	\N	[]
2032-0000-S-11	test_userid_68	0000	2020-04-16	\N	[]
2032-0000-S-11	test_userid_69	0000	2020-04-16	\N	[]
2032-0000-S-11	test_userid_70	0000	2020-04-16	\N	[]
2032-0000-S-11	test_userid_71	0000	2020-04-16	\N	[]
2032-0000-S-11	test_userid_72	0000	2020-04-16	\N	[]
2032-0000-S-11	test_userid_73	0000	2020-04-16	\N	[]
2032-0000-S-11	test_userid_74	0000	2020-04-16	\N	[]
2032-0000-S-11	test_userid_75	0000	2020-04-16	\N	[]
2032-0000-S-11	test_userid_76	0000	2020-04-16	\N	[]
2032-0000-S-11	test_userid_77	0000	2020-04-16	\N	[]
2032-0000-S-11	test_userid_78	0000	2020-04-16	\N	[]
2032-0000-S-11	test_userid_79	0000	2020-04-16	\N	[]
2032-0000-S-11	test_userid_80	0000	2020-04-16	\N	[]
2032-0000-S-11	test_userid_81	0000	2020-04-16	\N	[]
2032-0000-S-11	test_userid_82	0000	2020-04-16	\N	[]
2032-0000-S-11	test_userid_83	0000	2020-04-16	\N	[]
2032-0000-S-11	test_userid_84	0000	2020-04-16	\N	[]
2032-0000-S-11	test_userid_85	0000	2020-04-16	\N	[]
2032-0000-S-11	test_userid_87	0000	2020-04-16	\N	[]
2032-0000-S-11	test_userid_88	0000	2020-04-16	\N	[]
2032-0000-S-11	test_userid_89	0000	2020-04-16	\N	[]
2032-0000-S-11	test_userid_90	0000	2020-04-16	\N	[]
2032-0000-S-11	test_userid_91	0000	2020-04-16	\N	[]
2032-0000-S-11	test_userid_92	0000	2020-04-16	\N	[]
2032-0000-S-11	test_userid_93	0000	2020-04-16	\N	[]
2032-0000-S-11	test_userid_94	0000	2020-04-16	\N	[]
2032-0000-S-11	test_userid_95	0000	2020-04-16	\N	[]
2032-0000-S-11	test_userid_96	0000	2020-04-16	\N	[]
2032-0000-S-11	test_userid_97	0000	2020-04-16	\N	[]
2032-0000-S-11	test_userid_98	0000	2020-04-16	\N	[]
2032-0000-S-11	test_userid_99	0000	2020-04-16	\N	[]
2032-0000-S-11	test_userid_100	0000	2020-04-16	\N	[]
2032-0000-S-11	test_userid_101	0000	2020-04-16	\N	[]
2032-0000-S-11	test_userid_102	0000	2020-04-16	\N	[]
2032-0000-S-11	test_userid_103	0000	2020-04-16	\N	[]
2032-0000-S-11	test_userid_104	0000	2020-04-16	\N	[]
2032-0000-S-11	test_userid_105	0000	2020-04-16	\N	[]
2032-0000-S-11	test_userid_106	0000	2020-04-16	\N	[]
2032-0000-S-11	test_userid_108	0000	2020-04-16	\N	[]
2032-0000-S-11	test_userid_109	0000	2020-04-16	\N	[]
2032-0000-S-11	test_userid_110	0000	2020-04-16	\N	[]
2032-0000-S-11	test_userid_111	0000	2020-04-16	\N	[]
2032-0000-S-11	test_userid_112	0000	2020-04-16	\N	[]
2032-0000-S-11	test_userid_113	0000	2020-04-16	\N	[]
2032-0000-S-11	test_userid_114	0000	2020-04-16	\N	[]
2032-0000-S-11	test_userid_115	0000	2020-04-16	\N	[]
2032-0000-S-11	test_userid_116	0000	2020-04-16	\N	[]
2032-0000-S-11	test_userid_117	0000	2020-04-16	\N	[]
2032-0000-S-11	test_userid_118	0000	2020-04-16	\N	[]
2032-0000-S-11	test_userid_119	0000	2020-04-16	\N	[]
2032-0000-S-11	test_userid_120	0000	2020-04-16	\N	[]
2032-0000-S-11	test_userid_121	0000	2020-04-16	\N	[]
2032-0000-S-11	test_userid_122	0000	2020-04-16	\N	[]
2032-0000-S-11	test_userid_123	0000	2020-04-16	\N	[]
2032-0000-S-11	test_userid_124	0000	2020-04-16	\N	[]
2032-0000-S-11	test_userid_125	0000	2020-04-16	\N	[]
2032-0000-S-11	test_userid_126	0000	2020-04-16	\N	[]
2032-0000-S-11	test_userid_127	0000	2020-04-16	\N	[]
2032-0000-S-11	test_userid_129	0000	2020-04-16	\N	[]
2032-0000-S-11	test_userid_130	0000	2020-04-16	\N	[]
2032-0000-S-11	test_userid_131	0000	2020-04-16	\N	[]
2032-0000-S-11	test_userid_132	0000	2020-04-16	\N	[]
2032-0000-S-11	test_userid_133	0000	2020-04-16	\N	[]
2032-0000-S-11	test_userid_134	0000	2020-04-16	\N	[]
2032-0000-S-11	test_userid_135	0000	2020-04-16	\N	[]
2032-0000-S-11	test_userid_136	0000	2020-04-16	\N	[]
2032-0000-S-11	test_userid_137	0000	2020-04-16	\N	[]
2032-0000-S-11	test_userid_138	0000	2020-04-16	\N	[]
2032-0000-S-11	test_userid_139	0000	2020-04-16	\N	[]
2032-0000-S-11	test_userid_140	0000	2020-04-16	\N	[]
2032-0000-S-11	test_userid_141	0000	2020-04-16	\N	[]
2032-0000-S-11	test_userid_142	0000	2020-04-16	\N	[]
2032-0000-S-11	test_userid_143	0000	2020-04-16	\N	[]
2032-0000-S-11	test_userid_144	0000	2020-04-16	\N	[]
2032-0000-S-11	test_userid_145	0000	2020-04-16	\N	[]
2032-0000-S-11	test_userid_146	0000	2020-04-16	\N	[]
2032-0000-S-11	test_userid_147	0000	2020-04-16	\N	[]
2032-0000-S-11	test_userid_148	0000	2020-04-16	\N	[]
2032-0000-S-11	test_userid_150	0000	2020-04-16	\N	[]
2032-0000-S-11	test_userid_151	0000	2020-04-16	\N	[]
2032-0000-S-11	test_userid_152	0000	2020-04-16	\N	[]
2032-0000-S-11	test_userid_153	0000	2020-04-16	\N	[]
2032-0000-S-11	test_userid_154	0000	2020-04-16	\N	[]
2032-0000-S-11	test_userid_155	0000	2020-04-16	\N	[]
2032-0000-S-11	test_userid_157	0000	2020-04-16	\N	[]
2032-0000-S-11	test_userid_158	0000	2020-04-16	\N	[]
2032-0000-S-11	test_userid_159	0000	2020-04-16	\N	[]
2032-0000-S-11	test_userid_160	0000	2020-04-16	\N	[]
2032-0000-S-11	test_userid_161	0000	2020-04-16	\N	[]
2032-0000-S-11	test_userid_163	0000	2020-04-16	\N	[]
2032-0000-S-11	test_userid_164	0000	2020-04-16	\N	[]
2032-0000-S-11	test_userid_165	0000	2020-04-16	\N	[]
2032-0000-S-11	test_userid_166	0000	2020-04-16	\N	[]
2032-0000-S-11	test_userid_167	0000	2020-04-16	\N	[]
2032-0000-S-11	test_userid_168	0000	2020-04-16	\N	[]
2032-0000-S-11	test_userid_169	0000	2020-04-16	\N	[]
2032-0000-S-11	test_userid_170	0000	2020-04-16	\N	[]
2032-0000-S-11	test_userid_171	0000	2020-04-16	\N	[]
2032-0000-S-11	test_userid_172	0000	2020-04-16	\N	[]
2032-0000-S-11	test_userid_173	0000	2020-04-16	\N	[]
2032-0000-S-11	test_userid_174	0000	2020-04-16	\N	[]
2032-0000-S-11	test_userid_175	0000	2020-04-16	\N	[]
2032-0000-S-11	test_userid_176	0000	2020-04-16	\N	[]
2032-0000-S-11	test_userid_177	0000	2020-04-16	\N	[]
2032-0000-S-11	test_userid_178	0000	2020-04-16	\N	[]
2032-0000-S-11	test_userid_179	0000	2020-04-16	\N	[]
2032-0000-S-11	test_userid_180	0000	2020-04-16	\N	[]
2032-0000-S-11	test_userid_181	0000	2020-04-16	\N	[]
2032-0000-S-11	test_userid_182	0000	2020-04-16	\N	[]
2032-0000-S-11	test_userid_184	0000	2020-04-16	\N	[]
2032-0000-S-11	test_userid_185	0000	2020-04-16	\N	[]
2032-0000-S-11	test_userid_186	0000	2020-04-16	\N	[]
2032-0000-S-11	test_userid_187	0000	2020-04-16	\N	[]
2032-0000-S-11	test_userid_188	0000	2020-04-16	\N	[]
2032-0000-S-11	test_userid_189	0000	2020-04-16	\N	[]
2032-0000-S-11	test_userid_190	0000	2020-04-16	\N	[]
2032-0000-S-11	test_userid_191	0000	2020-04-16	\N	[]
2032-0000-S-11	test_userid_192	0000	2020-04-16	\N	[]
2032-0000-S-11	test_userid_193	0000	2020-04-16	\N	[]
2032-0000-S-11	test_userid_194	0000	2020-04-16	\N	[]
2032-0000-S-11	test_userid_195	0000	2020-04-16	\N	[]
2032-0000-S-11	test_userid_196	0000	2020-04-16	\N	[]
2032-0000-S-11	test_userid_197	0000	2020-04-16	\N	[]
2032-0000-S-11	test_userid_198	0000	2020-04-16	\N	[]
2032-0000-S-11	test_userid_199	0000	2020-04-16	\N	[]
2032-0000-S-11	test_userid_200	0000	2020-04-16	\N	[]
2032-0000-S-11	test_userid_201	0000	2020-04-16	\N	[]
2032-0000-S-11	test_userid_202	0000	2020-04-16	\N	[]
2032-0000-S-11	test_userid_203	0000	2020-04-16	\N	[]
2032-0000-S-11	test_userid_205	0000	2020-04-16	\N	[]
2032-0000-S-11	test_userid_206	0000	2020-04-16	\N	[]
2032-0000-S-11	test_userid_207	0000	2020-04-16	\N	[]
2032-0000-S-11	test_userid_208	0000	2020-04-16	\N	[]
2032-0000-S-11	test_userid_209	0000	2020-04-16	\N	[]
2032-0000-S-11	test_userid_210	0000	2020-04-16	\N	[]
2032-0000-S-11	test_userid_211	0000	2020-04-16	\N	[]
2032-0000-S-11	test_userid_212	0000	2020-04-16	\N	[]
2032-0000-S-11	test_userid_213	0000	2020-04-16	\N	[]
2032-0000-S-11	test_userid_214	0000	2020-04-16	\N	[]
2032-0000-S-11	test_userid_215	0000	2020-04-16	\N	[]
2032-0000-S-11	test_userid_216	0000	2020-04-16	\N	[]
2032-0000-S-11	test_userid_217	0000	2020-04-16	\N	[]
2032-0000-S-11	test_userid_218	0000	2020-04-16	\N	[]
2032-0000-S-11	test_userid_219	0000	2020-04-16	\N	[]
2032-0000-S-11	test_userid_220	0000	2020-04-16	\N	[]
2032-0000-S-11	test_userid_221	0000	2020-04-16	\N	[]
2032-0000-S-11	test_userid_222	0000	2020-04-16	\N	[]
2032-0000-S-11	test_userid_223	0000	2020-04-16	\N	[]
2032-0000-S-11	test_userid_224	0000	2020-04-16	\N	[]
2032-0000-S-11	test_userid_226	0000	2020-04-16	\N	[]
2032-0000-S-11	test_userid_227	0000	2020-04-16	\N	[]
2032-0000-S-11	test_userid_228	0000	2020-04-16	\N	[]
2032-0000-S-11	test_userid_229	0000	2020-04-16	\N	[]
2032-0000-S-11	test_userid_230	0000	2020-04-16	\N	[]
2032-0000-S-11	test_userid_231	0000	2020-04-16	\N	[]
2032-0000-S-11	test_userid_232	0000	2020-04-16	\N	[]
2032-0000-S-11	test_userid_233	0000	2020-04-16	\N	[]
2032-0000-S-11	test_userid_234	0000	2020-04-16	\N	[]
2032-0000-S-11	test_userid_235	0000	2020-04-16	\N	[]
2032-0000-S-11	test_userid_236	0000	2020-04-16	\N	[]
2032-0000-S-11	test_userid_237	0000	2020-04-16	\N	[]
2032-0000-S-11	test_userid_238	0000	2020-04-16	\N	[]
2032-0000-S-11	test_userid_239	0000	2020-04-16	\N	[]
2032-0000-S-11	test_userid_240	0000	2020-04-16	\N	[]
2032-0000-S-11	test_userid_241	0000	2020-04-16	\N	[]
2032-0000-S-11	test_userid_242	0000	2020-04-16	\N	[]
2032-0000-S-11	test_userid_243	0000	2020-04-16	\N	[]
2032-0000-S-11	test_userid_244	0000	2020-04-16	\N	[]
2032-0000-S-11	test_userid_245	0000	2020-04-16	\N	[]
2032-0000-S-11	test_userid_247	0000	2020-04-16	\N	[]
2032-0000-S-11	test_userid_248	0000	2020-04-16	\N	[]
2032-0000-S-11	test_userid_249	0000	2020-04-16	\N	[]
2032-0000-S-11	test_userid_250	0000	2020-04-16	\N	[]
2032-0000-S-11	test_userid_251	0000	2020-04-16	\N	[]
2032-0000-S-11	test_userid_252	0000	2020-04-16	\N	[]
2032-0000-S-11	test_userid_254	0000	2020-04-16	\N	[]
2032-0000-S-11	test_userid_255	0000	2020-04-16	\N	[]
2032-0000-S-11	test_userid_256	0000	2020-04-16	\N	[]
2032-0000-S-11	test_userid_257	0000	2020-04-16	\N	[]
2032-0000-S-11	test_userid_258	0000	2020-04-16	\N	[]
2032-0000-S-11	test_userid_260	0000	2020-04-16	\N	[]
2032-0000-S-11	test_userid_261	0000	2020-04-16	\N	[]
2032-0000-S-11	test_userid_262	0000	2020-04-16	\N	[]
2032-0000-S-11	test_userid_263	0000	2020-04-16	\N	[]
2032-0000-S-11	test_userid_264	0000	2020-04-16	\N	[]
2032-0000-S-11	test_userid_265	0000	2020-04-16	\N	[]
2032-0000-S-11	test_userid_266	0000	2020-04-16	\N	[]
2032-0000-S-11	test_userid_267	0000	2020-04-16	\N	[]
2032-0000-S-11	test_userid_268	0000	2020-04-16	\N	[]
2032-0000-S-11	test_userid_269	0000	2020-04-16	\N	[]
2032-0000-S-11	test_userid_270	0000	2020-04-16	\N	[]
2032-0000-S-11	test_userid_271	0000	2020-04-16	\N	[]
2032-0000-S-11	test_userid_272	0000	2020-04-16	\N	[]
2032-0000-S-11	test_userid_273	0000	2020-04-16	\N	[]
2032-0000-S-11	test_userid_274	0000	2020-04-16	\N	[]
2032-0000-S-11	test_userid_275	0000	2020-04-16	\N	[]
2032-0000-S-11	test_userid_276	0000	2020-04-16	\N	[]
2032-0000-S-11	test_userid_277	0000	2020-04-16	\N	[]
2032-0000-S-11	test_userid_278	0000	2020-04-16	\N	[]
2032-0000-S-11	test_userid_279	0000	2020-04-16	\N	[]
2032-0000-S-11	test_userid_281	0000	2020-04-16	\N	[]
2032-0000-S-11	test_userid_282	0000	2020-04-16	\N	[]
2032-0000-S-11	test_userid_283	0000	2020-04-16	\N	[]
2032-0000-S-11	test_userid_284	0000	2020-04-16	\N	[]
2032-0000-S-11	test_userid_285	0000	2020-04-16	\N	[]
2032-0000-S-11	test_userid_286	0000	2020-04-16	\N	[]
2032-0000-S-11	test_userid_287	0000	2020-04-16	\N	[]
2032-0000-S-11	test_userid_288	0000	2020-04-16	\N	[]
2032-0000-S-11	test_userid_289	0000	2020-04-16	\N	[]
2032-0000-S-11	test_userid_290	0000	2020-04-16	\N	[]
2032-0000-S-11	test_userid_291	0000	2020-04-16	\N	[]
2032-0000-S-11	test_userid_292	0000	2020-04-16	\N	[]
2032-0000-S-11	test_userid_293	0000	2020-04-16	\N	[]
2032-0000-S-11	test_userid_294	0000	2020-04-16	\N	[]
2032-0000-S-11	test_userid_295	0000	2020-04-16	\N	[]
2032-0000-S-11	test_userid_296	0000	2020-04-16	\N	[]
2032-0000-S-11	test_userid_297	0000	2020-04-16	\N	[]
2032-0000-S-11	test_userid_298	0000	2020-04-16	\N	[]
2032-0000-S-11	test_userid_299	0000	2020-04-16	\N	[]
2032-0000-S-11	test_userid_300	0000	2020-04-16	\N	[]
2032-0000-S-11	test_userid_302	0000	2020-04-16	\N	[]
2032-0000-S-11	test_userid_303	0000	2020-04-16	\N	[]
2032-0000-S-11	test_userid_304	0000	2020-04-16	\N	[]
2032-0000-S-11	test_userid_305	0000	2020-04-16	\N	[]
2032-0000-S-11	test_userid_306	0000	2020-04-16	\N	[]
2032-0000-S-11	test_userid_307	0000	2020-04-16	\N	[]
2032-0000-S-11	test_userid_308	0000	2020-04-16	\N	[]
2032-0000-S-11	test_userid_309	0000	2020-04-16	\N	[]
2032-0000-S-11	test_userid_310	0000	2020-04-16	\N	[]
2032-0000-S-11	test_userid_311	0000	2020-04-16	\N	[]
2032-0000-S-11	test_userid_312	0000	2020-04-16	\N	[]
2032-0000-S-11	test_userid_313	0000	2020-04-16	\N	[]
2032-0000-S-11	test_userid_314	0000	2020-04-16	\N	[]
2032-0000-S-11	test_userid_315	0000	2020-04-16	\N	[]
2032-0000-S-11	test_userid_316	0000	2020-04-16	\N	[]
2032-0000-S-11	test_userid_317	0000	2020-04-16	\N	[]
2032-0000-S-11	test_userid_318	0000	2020-04-16	\N	[]
2032-0000-S-11	test_userid_319	0000	2020-04-16	\N	[]
2032-0000-S-11	test_userid_320	0000	2020-04-16	\N	[]
2032-0000-S-11	test_userid_321	0000	2020-04-16	\N	[]
2032-0000-S-11	test_userid_323	0000	2020-04-16	\N	[]
2032-0000-S-11	test_userid_324	0000	2020-04-16	\N	[]
2032-0000-S-11	test_userid_325	0000	2020-04-16	\N	[]
2032-0000-S-11	test_userid_326	0000	2020-04-16	\N	[]
2032-0000-S-11	test_userid_327	0000	2020-04-16	\N	[]
2032-0000-S-11	test_userid_328	0000	2020-04-16	\N	[]
2032-0000-S-11	test_userid_329	0000	2020-04-16	\N	[]
2032-0000-S-11	test_userid_330	0000	2020-04-16	\N	[]
2032-0000-S-11	test_userid_331	0000	2020-04-16	\N	[]
2032-0000-S-11	test_userid_332	0000	2020-04-16	\N	[]
2032-0000-S-11	test_userid_333	0000	2020-04-16	\N	[]
2032-0000-S-11	test_userid_334	0000	2020-04-16	\N	[]
2032-0000-S-11	test_userid_335	0000	2020-04-16	\N	[]
2032-0000-S-11	test_userid_336	0000	2020-04-16	\N	[]
2032-0000-S-11	test_userid_337	0000	2020-04-16	\N	[]
2032-0000-S-11	test_userid_338	0000	2020-04-16	\N	[]
2032-0000-S-11	test_userid_339	0000	2020-04-16	\N	[]
2032-0000-S-11	test_userid_340	0000	2020-04-16	\N	[]
2032-0000-S-11	test_userid_341	0000	2020-04-16	\N	[]
2032-0000-S-11	test_userid_342	0000	2020-04-16	\N	[]
2032-0000-S-11	test_userid_344	0000	2020-04-16	\N	[]
2032-0000-S-11	test_userid_345	0000	2020-04-16	\N	[]
2032-0000-S-11	test_userid_346	0000	2020-04-16	\N	[]
2032-0000-S-11	test_userid_347	0000	2020-04-16	\N	[]
2032-0000-S-11	test_userid_348	0000	2020-04-16	\N	[]
2032-0000-S-11	test_userid_349	0000	2020-04-16	\N	[]
2032-0000-S-11	test_userid_351	0000	2020-04-16	\N	[]
2032-0000-S-11	test_userid_352	0000	2020-04-16	\N	[]
2032-0000-S-11	test_userid_353	0000	2020-04-16	\N	[]
2032-0000-S-11	test_userid_354	0000	2020-04-16	\N	[]
2032-0000-S-11	test_userid_355	0000	2020-04-16	\N	[]
2032-0000-S-11	test_userid_357	0000	2020-04-16	\N	[]
2032-0000-S-11	test_userid_358	0000	2020-04-16	\N	[]
2032-0000-S-11	test_userid_359	0000	2020-04-16	\N	[]
2032-0000-S-11	test_userid_360	0000	2020-04-16	\N	[]
2032-0000-S-11	test_userid_361	0000	2020-04-16	\N	[]
2032-0000-S-11	test_userid_362	0000	2020-04-16	\N	[]
2032-0000-S-11	test_userid_363	0000	2020-04-16	\N	[]
2032-0000-S-11	test_userid_364	0000	2020-04-16	\N	[]
2032-0000-S-11	test_userid_365	0000	2020-04-16	\N	[]
2032-0000-S-11	test_userid_366	0000	2020-04-16	\N	[]
2032-0000-S-11	test_userid_367	0000	2020-04-16	\N	[]
2032-0000-S-11	test_userid_368	0000	2020-04-16	\N	[]
2032-0000-S-11	test_userid_369	0000	2020-04-16	\N	[]
2032-0000-S-11	test_userid_370	0000	2020-04-16	\N	[]
2032-0000-S-11	test_userid_371	0000	2020-04-16	\N	[]
2032-0000-S-11	test_userid_372	0000	2020-04-16	\N	[]
2032-0000-S-11	test_userid_373	0000	2020-04-16	\N	[]
2032-0000-S-11	test_userid_374	0000	2020-04-16	\N	[]
2032-0000-S-11	test_userid_375	0000	2020-04-16	\N	[]
2032-0000-S-11	test_userid_376	0000	2020-04-16	\N	[]
2032-0000-S-11	test_userid_378	0000	2020-04-16	\N	[]
2032-0000-S-11	test_userid_379	0000	2020-04-16	\N	[]
2032-0000-S-11	test_userid_380	0000	2020-04-16	\N	[]
2032-0000-S-11	test_userid_381	0000	2020-04-16	\N	[]
2032-0000-S-11	test_userid_382	0000	2020-04-16	\N	[]
2032-0000-S-11	test_userid_383	0000	2020-04-16	\N	[]
2032-0000-S-11	test_userid_384	0000	2020-04-16	\N	[]
2032-0000-S-11	test_userid_385	0000	2020-04-16	\N	[]
2032-0000-S-11	test_userid_386	0000	2020-04-16	\N	[]
2032-0000-S-11	test_userid_387	0000	2020-04-16	\N	[]
2032-0000-S-11	test_userid_388	0000	2020-04-16	\N	[]
2032-0000-S-11	test_userid_389	0000	2020-04-16	\N	[]
2032-0000-S-11	test_userid_390	0000	2020-04-16	\N	[]
2032-0000-S-11	test_userid_391	0000	2020-04-16	\N	[]
2032-0000-S-11	test_userid_392	0000	2020-04-16	\N	[]
2032-0000-S-11	test_userid_393	0000	2020-04-16	\N	[]
2032-0000-S-11	test_userid_394	0000	2020-04-16	\N	[]
2032-0000-S-11	test_userid_395	0000	2020-04-16	\N	[]
2032-0000-S-11	test_userid_396	0000	2020-04-16	\N	[]
2032-0000-S-11	test_userid_397	0000	2020-04-16	\N	[]
2032-0000-S-11	test_userid_399	0000	2020-04-16	\N	[]
2032-0000-S-11	test_userid_400	0000	2020-04-16	\N	[]
2032-0000-S-11	test_userid_401	0000	2020-04-16	\N	[]
2032-0000-S-11	test_userid_402	0000	2020-04-16	\N	[]
2032-0000-S-11	test_userid_403	0000	2020-04-16	\N	[]
2032-0000-S-11	test_userid_404	0000	2020-04-16	\N	[]
2032-0000-S-11	test_userid_405	0000	2020-04-16	\N	[]
2032-0000-S-11	test_userid_406	0000	2020-04-16	\N	[]
2032-0000-S-11	test_userid_407	0000	2020-04-16	\N	[]
2032-0000-S-11	test_userid_408	0000	2020-04-16	\N	[]
2032-0000-S-11	test_userid_409	0000	2020-04-16	\N	[]
2032-0000-S-11	test_userid_410	0000	2020-04-16	\N	[]
2032-0000-S-11	test_userid_411	0000	2020-04-16	\N	[]
2032-0000-S-11	test_userid_412	0000	2020-04-16	\N	[]
2032-0000-S-11	test_userid_413	0000	2020-04-16	\N	[]
2032-0000-S-11	test_userid_414	0000	2020-04-16	\N	[]
2032-0000-S-11	test_userid_415	0000	2020-04-16	\N	[]
2032-0000-S-11	test_userid_416	0000	2020-04-16	\N	[]
2032-0000-S-11	test_userid_417	0000	2020-04-16	\N	[]
2032-0000-S-11	test_userid_418	0000	2020-04-16	\N	[]
2032-0000-S-11	test_userid_420	0000	2020-04-16	\N	[]
2032-0000-S-11	test_userid_421	0000	2020-04-16	\N	[]
2032-0000-S-11	test_userid_422	0000	2020-04-16	\N	[]
2032-0000-S-11	test_userid_423	0000	2020-04-16	\N	[]
2032-0000-S-11	test_userid_424	0000	2020-04-16	\N	[]
2032-0000-S-11	test_userid_425	0000	2020-04-16	\N	[]
2032-0000-S-11	test_userid_426	0000	2020-04-16	\N	[]
2032-0000-S-11	test_userid_427	0000	2020-04-16	\N	[]
2032-0000-S-11	test_userid_428	0000	2020-04-16	\N	[]
2032-0000-S-11	test_userid_429	0000	2020-04-16	\N	[]
2032-0000-S-11	test_userid_430	0000	2020-04-16	\N	[]
2032-0000-S-11	test_userid_431	0000	2020-04-16	\N	[]
2032-0000-S-11	test_userid_432	0000	2020-04-16	\N	[]
2032-0000-S-11	test_userid_433	0000	2020-04-16	\N	[]
2032-0000-S-11	test_userid_434	0000	2020-04-16	\N	[]
2032-0000-S-11	test_userid_435	0000	2020-04-16	\N	[]
2032-0000-S-11	test_userid_436	0000	2020-04-16	\N	[]
2032-0000-S-11	test_userid_437	0000	2020-04-16	\N	[]
2032-0000-S-11	test_userid_438	0000	2020-04-16	\N	[]
2032-0000-S-11	test_userid_439	0000	2020-04-16	\N	[]
2032-0000-S-11	test_userid_441	0000	2020-04-16	\N	[]
2032-0000-S-11	test_userid_442	0000	2020-04-16	\N	[]
2032-0000-S-11	test_userid_443	0000	2020-04-16	\N	[]
2032-0000-S-11	test_userid_444	0000	2020-04-16	\N	[]
2032-0000-S-11	test_userid_445	0000	2020-04-16	\N	[]
2032-0000-S-11	test_userid_446	0000	2020-04-16	\N	[]
2032-0000-S-11	test_userid_448	0000	2020-04-16	\N	[]
2032-0000-S-11	test_userid_449	0000	2020-04-16	\N	[]
2032-0000-S-11	test_userid_450	0000	2020-04-16	\N	[]
2032-0000-S-11	test_userid_451	0000	2020-04-16	\N	[]
2032-0000-S-11	test_userid_452	0000	2020-04-16	\N	[]
2032-0000-S-11	test_userid_454	0000	2020-04-16	\N	[]
2032-0000-S-11	test_userid_455	0000	2020-04-16	\N	[]
2032-0000-S-11	test_userid_456	0000	2020-04-16	\N	[]
2032-0000-S-11	test_userid_457	0000	2020-04-16	\N	[]
2032-0000-S-11	test_userid_458	0000	2020-04-16	\N	[]
2032-0000-S-11	test_userid_459	0000	2020-04-16	\N	[]
2032-0000-S-11	test_userid_460	0000	2020-04-16	\N	[]
2032-0000-S-11	test_userid_461	0000	2020-04-16	\N	[]
2032-0000-S-11	test_userid_462	0000	2020-04-16	\N	[]
2032-0000-S-11	test_userid_463	0000	2020-04-16	\N	[]
2032-0000-S-11	test_userid_464	0000	2020-04-16	\N	[]
2032-0000-S-11	test_userid_465	0000	2020-04-16	\N	[]
2032-0000-S-11	test_userid_466	0000	2020-04-16	\N	[]
2032-0000-S-11	test_userid_467	0000	2020-04-16	\N	[]
2032-0000-S-11	test_userid_468	0000	2020-04-16	\N	[]
2032-0000-S-11	test_userid_469	0000	2020-04-16	\N	[]
2032-0000-S-11	test_userid_470	0000	2020-04-16	\N	[]
2032-0000-S-11	test_userid_471	0000	2020-04-16	\N	[]
2032-0000-S-11	test_userid_472	0000	2020-04-16	\N	[]
2032-0000-S-11	test_userid_473	0000	2020-04-16	\N	[]
2032-0000-S-11	test_userid_475	0000	2020-04-16	\N	[]
2032-0000-S-11	test_userid_476	0000	2020-04-16	\N	[]
2032-0000-S-11	test_userid_477	0000	2020-04-16	\N	[]
2032-0000-S-11	test_userid_478	0000	2020-04-16	\N	[]
2032-0000-S-11	test_userid_479	0000	2020-04-16	\N	[]
2032-0000-S-11	test_userid_480	0000	2020-04-16	\N	[]
2032-0000-S-11	test_userid_481	0000	2020-04-16	\N	[]
2032-0000-S-11	test_userid_482	0000	2020-04-16	\N	[]
2032-0000-S-11	test_userid_483	0000	2020-04-16	\N	[]
2032-0000-S-11	test_userid_484	0000	2020-04-16	\N	[]
2032-0000-S-11	test_userid_485	0000	2020-04-16	\N	[]
2032-0000-S-11	test_userid_486	0000	2020-04-16	\N	[]
2032-0000-S-11	test_userid_487	0000	2020-04-16	\N	[]
2032-0000-S-11	test_userid_488	0000	2020-04-16	\N	[]
2032-0000-S-11	test_userid_489	0000	2020-04-16	\N	[]
2032-0000-S-11	test_userid_490	0000	2020-04-16	\N	[]
2032-0000-S-11	test_userid_491	0000	2020-04-16	\N	[]
2032-0000-S-11	test_userid_492	0000	2020-04-16	\N	[]
2032-0000-S-11	test_userid_493	0000	2020-04-16	\N	[]
2032-0000-S-11	test_userid_494	0000	2020-04-16	\N	[]
2032-0000-S-11	test_userid_496	0000	2020-04-16	\N	[]
2032-0000-S-11	test_userid_497	0000	2020-04-16	\N	[]
2032-0000-S-11	test_userid_498	0000	2020-04-16	\N	[]
2032-0000-S-11	test_userid_499	0000	2020-04-16	\N	[]
2032-0000-S-11	test_userid_500	0000	2020-04-16	\N	[]
2032-0000-S-11	test_userid_501	0000	2020-04-16	\N	[]
2032-0000-S-11	test_userid_502	0000	2020-04-16	\N	[]
2032-0000-S-11	test_userid_503	0000	2020-04-16	\N	[]
2032-0000-S-11	test_userid_504	0000	2020-04-16	\N	[]
2032-0000-S-11	test_userid_505	0000	2020-04-16	\N	[]
2032-0000-S-11	test_userid_506	0000	2020-04-16	\N	[]
2032-0000-S-11	test_userid_507	0000	2020-04-16	\N	[]
2032-0000-S-11	test_userid_508	0000	2020-04-16	\N	[]
2032-0000-S-11	test_userid_509	0000	2020-04-16	\N	[]
2032-0000-S-11	test_userid_510	0000	2020-04-16	\N	[]
2032-0000-S-11	test_userid_511	0000	2020-04-16	\N	[]
2032-0000-S-11	test_userid_512	0000	2020-04-16	\N	[]
2032-0000-S-11	test_userid_513	0000	2020-04-16	\N	[]
2032-0000-S-11	test_userid_514	0000	2020-04-16	\N	[]
2032-0000-S-11	test_userid_515	0000	2020-04-16	\N	[]
2032-0000-S-11	test_userid_517	0000	2020-04-16	\N	[]
2032-0000-S-11	test_userid_518	0000	2020-04-16	\N	[]
2032-0000-S-11	test_userid_519	0000	2020-04-16	\N	[]
2032-0000-S-11	test_userid_520	0000	2020-04-16	\N	[]
2032-0000-S-11	test_userid_521	0000	2020-04-16	\N	[]
2032-0000-S-11	test_userid_522	0000	2020-04-16	\N	[]
2032-0000-S-11	test_userid_523	0000	2020-04-16	\N	[]
2032-0000-S-11	test_userid_524	0000	2020-04-16	\N	[]
2032-0000-S-11	test_userid_525	0000	2020-04-16	\N	[]
2032-0000-S-11	test_userid_526	0000	2020-04-16	\N	[]
2032-0000-S-11	test_userid_527	0000	2020-04-16	\N	[]
2032-0000-S-11	test_userid_528	0000	2020-04-16	\N	[]
2032-0000-S-11	test_userid_529	0000	2020-04-16	\N	[]
2032-0000-S-11	test_userid_530	0000	2020-04-16	\N	[]
2032-0000-S-11	test_userid_531	0000	2020-04-16	\N	[]
2032-0000-S-11	test_userid_532	0000	2020-04-16	\N	[]
2032-0000-S-11	test_userid_533	0000	2020-04-16	\N	[]
2032-0000-S-11	test_userid_534	0000	2020-04-16	\N	[]
2032-0000-S-11	test_userid_535	0000	2020-04-16	\N	[]
2032-0000-S-11	test_userid_536	0000	2020-04-16	\N	[]
2032-0000-S-11	test_userid_538	0000	2020-04-16	\N	[]
2032-0000-S-11	test_userid_539	0000	2020-04-16	\N	[]
2032-0000-S-11	test_userid_540	0000	2020-04-16	\N	[]
2032-0000-S-11	test_userid_541	0000	2020-04-16	\N	[]
2032-0000-S-11	test_userid_542	0000	2020-04-16	\N	[]
2032-0000-S-11	test_userid_543	0000	2020-04-16	\N	[]
2032-0000-S-11	test_userid_545	0000	2020-04-16	\N	[]
2032-0000-S-11	test_userid_546	0000	2020-04-16	\N	[]
2032-0000-S-11	test_userid_547	0000	2020-04-16	\N	[]
2032-0000-S-11	test_userid_548	0000	2020-04-16	\N	[]
2032-0000-S-11	test_userid_549	0000	2020-04-16	\N	[]
2032-0000-S-11	test_userid_551	0000	2020-04-16	\N	[]
2032-0000-S-11	test_userid_552	0000	2020-04-16	\N	[]
2032-0000-S-11	test_userid_553	0000	2020-04-16	\N	[]
2032-0000-S-11	test_userid_554	0000	2020-04-16	\N	[]
2032-0000-S-11	test_userid_555	0000	2020-04-16	\N	[]
2032-0000-S-11	test_userid_556	0000	2020-04-16	\N	[]
2032-0000-S-11	test_userid_557	0000	2020-04-16	\N	[]
2032-0000-S-11	test_userid_558	0000	2020-04-16	\N	[]
2032-0000-S-11	test_userid_559	0000	2020-04-16	\N	[]
2032-0000-S-11	test_userid_560	0000	2020-04-16	\N	[]
2032-0000-S-11	test_userid_561	0000	2020-04-16	\N	[]
2032-0000-S-11	test_userid_562	0000	2020-04-16	\N	[]
2032-0000-S-11	test_userid_563	0000	2020-04-16	\N	[]
2032-0000-S-11	test_userid_564	0000	2020-04-16	\N	[]
2032-0000-S-11	test_userid_565	0000	2020-04-16	\N	[]
2032-0000-S-11	test_userid_566	0000	2020-04-16	\N	[]
2032-0000-S-11	test_userid_567	0000	2020-04-16	\N	[]
2032-0000-S-11	test_userid_568	0000	2020-04-16	\N	[]
2032-0000-S-11	test_userid_569	0000	2020-04-16	\N	[]
2032-0000-S-11	test_userid_570	0000	2020-04-16	\N	[]
2032-0000-S-11	test_userid_572	0000	2020-04-16	\N	[]
2032-0000-S-11	test_userid_573	0000	2020-04-16	\N	[]
2032-0000-S-11	test_userid_574	0000	2020-04-16	\N	[]
2032-0000-S-11	test_userid_575	0000	2020-04-16	\N	[]
2032-0000-S-11	test_userid_576	0000	2020-04-16	\N	[]
2032-0000-S-11	test_userid_577	0000	2020-04-16	\N	[]
2032-0000-S-11	test_userid_578	0000	2020-04-16	\N	[]
2032-0000-S-11	test_userid_579	0000	2020-04-16	\N	[]
2032-0000-S-11	test_userid_580	0000	2020-04-16	\N	[]
2032-0000-S-11	test_userid_581	0000	2020-04-16	\N	[]
2032-0000-S-11	test_userid_582	0000	2020-04-16	\N	[]
2032-0000-S-11	test_userid_583	0000	2020-04-16	\N	[]
2032-0000-S-11	test_userid_584	0000	2020-04-16	\N	[]
2032-0000-S-11	test_userid_585	0000	2020-04-16	\N	[]
2032-0000-S-11	test_userid_586	0000	2020-04-16	\N	[]
2032-0000-S-11	test_userid_587	0000	2020-04-16	\N	[]
2032-0000-S-11	test_userid_588	0000	2020-04-16	\N	[]
2032-0000-S-11	test_userid_589	0000	2020-04-16	\N	[]
2032-0000-S-11	test_userid_590	0000	2020-04-16	\N	[]
2032-0000-S-11	test_userid_591	0000	2020-04-16	\N	[]
2032-0000-S-11	test_userid_593	0000	2020-04-16	\N	[]
2032-0000-S-11	test_userid_594	0000	2020-04-16	\N	[]
2032-0000-S-11	test_userid_595	0000	2020-04-16	\N	[]
2032-0000-S-11	test_userid_596	0000	2020-04-16	\N	[]
2032-0000-S-11	test_userid_597	0000	2020-04-16	\N	[]
2032-0000-S-11	test_userid_598	0000	2020-04-16	\N	[]
2032-0000-S-11	test_userid_599	0000	2020-04-16	\N	[]
2032-0000-S-11	test_userid_600	0000	2020-04-16	\N	[]
2032-0000-S-11	test_userid_601	0000	2020-04-16	\N	[]
2032-0000-S-11	test_userid_602	0000	2020-04-16	\N	[]
2032-0000-S-11	test_userid_603	0000	2020-04-16	\N	[]
2032-0000-S-11	test_userid_604	0000	2020-04-16	\N	[]
2032-0000-S-11	test_userid_605	0000	2020-04-16	\N	[]
2032-0000-S-11	test_userid_606	0000	2020-04-16	\N	[]
2032-0000-S-11	test_userid_607	0000	2020-04-16	\N	[]
2032-0000-S-11	test_userid_608	0000	2020-04-16	\N	[]
2032-0000-S-11	test_userid_609	0000	2020-04-16	\N	[]
2032-0000-S-11	test_userid_610	0000	2020-04-16	\N	[]
2032-0000-S-11	test_userid_611	0000	2020-04-16	\N	[]
2032-0000-S-11	test_userid_612	0000	2020-04-16	\N	[]
2032-0000-S-11	test_userid_614	0000	2020-04-16	\N	[]
2032-0000-S-11	test_userid_615	0000	2020-04-16	\N	[]
2032-0000-S-11	test_userid_616	0000	2020-04-16	\N	[]
2032-0000-S-11	test_userid_617	0000	2020-04-16	\N	[]
2032-0000-S-11	test_userid_618	0000	2020-04-16	\N	[]
2032-0000-S-11	test_userid_619	0000	2020-04-16	\N	[]
2032-0000-S-11	test_userid_620	0000	2020-04-16	\N	[]
2032-0000-S-11	test_userid_621	0000	2020-04-16	\N	[]
2032-0000-S-11	test_userid_622	0000	2020-04-16	\N	[]
2032-0000-S-11	test_userid_623	0000	2020-04-16	\N	[]
2032-0000-S-11	test_userid_624	0000	2020-04-16	\N	[]
2032-0000-S-11	test_userid_625	0000	2020-04-16	\N	[]
2032-0000-S-11	test_userid_626	0000	2020-04-16	\N	[]
2032-0000-S-11	test_userid_627	0000	2020-04-16	\N	[]
2032-0000-S-11	test_userid_628	0000	2020-04-16	\N	[]
2032-0000-S-11	test_userid_629	0000	2020-04-16	\N	[]
2032-0000-S-11	test_userid_630	0000	2020-04-16	\N	[]
2032-0000-S-11	test_userid_631	0000	2020-04-16	\N	[]
2032-0000-S-11	test_userid_632	0000	2020-04-16	\N	[]
2032-0000-S-11	test_userid_633	0000	2020-04-16	\N	[]
2032-0000-S-11	test_userid_635	0000	2020-04-16	\N	[]
2032-0000-S-11	test_userid_636	0000	2020-04-16	\N	[]
2032-0000-S-11	test_userid_637	0000	2020-04-16	\N	[]
2032-0000-S-11	test_userid_638	0000	2020-04-16	\N	[]
2032-0000-S-11	test_userid_639	0000	2020-04-16	\N	[]
2032-0000-S-11	test_userid_640	0000	2020-04-16	\N	[]
2032-0000-S-11	test_userid_642	0000	2020-04-16	\N	[]
2032-0000-S-11	test_userid_643	0000	2020-04-16	\N	[]
2032-0000-S-11	test_userid_644	0000	2020-04-16	\N	[]
2032-0000-S-11	test_userid_645	0000	2020-04-16	\N	[]
2032-0000-S-11	test_userid_646	0000	2020-04-16	\N	[]
2032-0000-S-11	test_userid_648	0000	2020-04-16	\N	[]
2032-0000-S-11	test_userid_649	0000	2020-04-16	\N	[]
2032-0000-S-11	test_userid_650	0000	2020-04-16	\N	[]
2032-0000-S-11	test_userid_651	0000	2020-04-16	\N	[]
2032-0000-S-11	test_userid_652	0000	2020-04-16	\N	[]
2032-0000-S-11	test_userid_653	0000	2020-04-16	\N	[]
2032-0000-S-11	test_userid_654	0000	2020-04-16	\N	[]
2032-0000-S-11	test_userid_655	0000	2020-04-16	\N	[]
2032-0000-S-11	test_userid_656	0000	2020-04-16	\N	[]
2032-0000-S-11	test_userid_657	0000	2020-04-16	\N	[]
2032-0000-S-11	test_userid_658	0000	2020-04-16	\N	[]
2032-0000-S-11	test_userid_659	0000	2020-04-16	\N	[]
2032-0000-S-11	test_userid_660	0000	2020-04-16	\N	[]
2032-0000-S-11	test_userid_661	0000	2020-04-16	\N	[]
2032-0000-S-11	test_userid_662	0000	2020-04-16	\N	[]
2032-0000-S-11	test_userid_663	0000	2020-04-16	\N	[]
2032-0000-S-11	test_userid_664	0000	2020-04-16	\N	[]
2032-0000-S-11	test_userid_665	0000	2020-04-16	\N	[]
2032-0000-S-11	test_userid_666	0000	2020-04-16	\N	[]
2032-0000-S-11	test_userid_667	0000	2020-04-16	\N	[]
2032-0000-S-11	test_userid_669	0000	2020-04-16	\N	[]
2032-0000-S-11	test_userid_670	0000	2020-04-16	\N	[]
2032-0000-S-11	test_userid_671	0000	2020-04-16	\N	[]
2032-0000-S-11	test_userid_672	0000	2020-04-16	\N	[]
2032-0000-S-11	test_userid_673	0000	2020-04-16	\N	[]
2032-0000-S-11	test_userid_674	0000	2020-04-16	\N	[]
2032-0000-S-11	test_userid_675	0000	2020-04-16	\N	[]
2032-0000-S-11	test_userid_676	0000	2020-04-16	\N	[]
2032-0000-S-11	test_userid_677	0000	2020-04-16	\N	[]
2032-0000-S-11	test_userid_678	0000	2020-04-16	\N	[]
2032-0000-S-11	test_userid_679	0000	2020-04-16	\N	[]
2032-0000-S-11	test_userid_680	0000	2020-04-16	\N	[]
2032-0000-S-11	test_userid_681	0000	2020-04-16	\N	[]
2032-0000-S-11	test_userid_682	0000	2020-04-16	\N	[]
2032-0000-S-11	test_userid_683	0000	2020-04-16	\N	[]
2032-0000-S-11	test_userid_684	0000	2020-04-16	\N	[]
2032-0000-S-11	test_userid_685	0000	2020-04-16	\N	[]
2032-0000-S-11	test_userid_686	0000	2020-04-16	\N	[]
2032-0000-S-11	test_userid_687	0000	2020-04-16	\N	[]
2032-0000-S-11	test_userid_688	0000	2020-04-16	\N	[]
2032-0000-S-11	test_userid_690	0000	2020-04-16	\N	[]
2032-0000-S-11	test_userid_691	0000	2020-04-16	\N	[]
2032-0000-S-11	test_userid_692	0000	2020-04-16	\N	[]
2032-0000-S-11	test_userid_693	0000	2020-04-16	\N	[]
2032-0000-S-11	test_userid_694	0000	2020-04-16	\N	[]
2032-0000-S-11	test_userid_695	0000	2020-04-16	\N	[]
2032-0000-S-11	test_userid_696	0000	2020-04-16	\N	[]
2032-0000-S-11	test_userid_697	0000	2020-04-16	\N	[]
2032-0000-S-11	test_userid_698	0000	2020-04-16	\N	[]
2032-0000-S-11	test_userid_699	0000	2020-04-16	\N	[]
2032-0000-S-11	test_userid_700	0000	2020-04-16	\N	[]
2032-0000-S-11	test_userid_701	0000	2020-04-16	\N	[]
2032-0000-S-11	test_userid_702	0000	2020-04-16	\N	[]
2032-0000-S-11	test_userid_703	0000	2020-04-16	\N	[]
2032-0000-S-11	test_userid_704	0000	2020-04-16	\N	[]
2032-0000-S-11	test_userid_705	0000	2020-04-16	\N	[]
2032-0000-S-11	test_userid_706	0000	2020-04-16	\N	[]
2032-0000-S-11	test_userid_707	0000	2020-04-16	\N	[]
2032-0000-S-11	test_userid_708	0000	2020-04-16	\N	[]
2032-0000-S-11	test_userid_709	0000	2020-04-16	\N	[]
2032-0000-S-11	test_userid_711	0000	2020-04-16	\N	[]
2032-0000-S-11	test_userid_712	0000	2020-04-16	\N	[]
2032-0000-S-11	test_userid_713	0000	2020-04-16	\N	[]
2032-0000-S-11	test_userid_714	0000	2020-04-16	\N	[]
2032-0000-S-11	test_userid_715	0000	2020-04-16	\N	[]
2032-0000-S-11	test_userid_716	0000	2020-04-16	\N	[]
2032-0000-S-11	test_userid_717	0000	2020-04-16	\N	[]
2032-0000-S-11	test_userid_718	0000	2020-04-16	\N	[]
2032-0000-S-11	test_userid_719	0000	2020-04-16	\N	[]
2032-0000-S-11	test_userid_720	0000	2020-04-16	\N	[]
2032-0000-S-11	test_userid_721	0000	2020-04-16	\N	[]
2032-0000-S-11	test_userid_722	0000	2020-04-16	\N	[]
2032-0000-S-11	test_userid_723	0000	2020-04-16	\N	[]
2032-0000-S-11	test_userid_724	0000	2020-04-16	\N	[]
2032-0000-S-11	test_userid_725	0000	2020-04-16	\N	[]
2032-0000-S-11	test_userid_726	0000	2020-04-16	\N	[]
2032-0000-S-11	test_userid_727	0000	2020-04-16	\N	[]
2032-0000-S-11	test_userid_728	0000	2020-04-16	\N	[]
2032-0000-S-11	test_userid_729	0000	2020-04-16	\N	[]
2032-0000-S-11	test_userid_730	0000	2020-04-16	\N	[]
2032-0000-S-11	test_userid_732	0000	2020-04-16	\N	[]
2032-0000-S-11	test_userid_733	0000	2020-04-16	\N	[]
2032-0000-S-11	test_userid_734	0000	2020-04-16	\N	[]
2032-0000-S-11	test_userid_735	0000	2020-04-16	\N	[]
2032-0000-S-11	test_userid_736	0000	2020-04-16	\N	[]
2032-0000-S-11	test_userid_737	0000	2020-04-16	\N	[]
2032-0000-S-11	test_userid_739	0000	2020-04-16	\N	[]
2032-0000-S-11	test_userid_740	0000	2020-04-16	\N	[]
2032-0000-S-11	test_userid_741	0000	2020-04-16	\N	[]
2032-0000-S-11	test_userid_742	0000	2020-04-16	\N	[]
2032-0000-S-11	test_userid_743	0000	2020-04-16	\N	[]
2032-0000-S-11	test_userid_745	0000	2020-04-16	\N	[]
2032-0000-S-11	test_userid_746	0000	2020-04-16	\N	[]
2032-0000-S-11	test_userid_747	0000	2020-04-16	\N	[]
2032-0000-S-11	test_userid_748	0000	2020-04-16	\N	[]
2032-0000-S-11	test_userid_749	0000	2020-04-16	\N	[]
2032-0000-S-11	test_userid_750	0000	2020-04-16	\N	[]
2032-0000-S-11	test_userid_751	0000	2020-04-16	\N	[]
2032-0000-S-11	test_userid_752	0000	2020-04-16	\N	[]
2032-0000-S-11	test_userid_753	0000	2020-04-16	\N	[]
2032-0000-S-11	test_userid_754	0000	2020-04-16	\N	[]
2032-0000-S-11	test_userid_755	0000	2020-04-16	\N	[]
2032-0000-S-11	test_userid_756	0000	2020-04-16	\N	[]
2032-0000-S-11	test_userid_757	0000	2020-04-16	\N	[]
2032-0000-S-11	test_userid_758	0000	2020-04-16	\N	[]
2032-0000-S-11	test_userid_759	0000	2020-04-16	\N	[]
2032-0000-S-11	test_userid_760	0000	2020-04-16	\N	[]
2032-0000-S-11	test_userid_761	0000	2020-04-16	\N	[]
2032-0000-S-11	test_userid_762	0000	2020-04-16	\N	[]
2032-0000-S-11	test_userid_763	0000	2020-04-16	\N	[]
2032-0000-S-11	test_userid_764	0000	2020-04-16	\N	[]
2032-0000-S-11	test_userid_766	0000	2020-04-16	\N	[]
2032-0000-S-11	test_userid_767	0000	2020-04-16	\N	[]
2032-0000-S-11	test_userid_768	0000	2020-04-16	\N	[]
2032-0000-S-11	test_userid_769	0000	2020-04-16	\N	[]
2032-0000-S-11	test_userid_770	0000	2020-04-16	\N	[]
2032-0000-S-11	test_userid_771	0000	2020-04-16	\N	[]
2032-0000-S-11	test_userid_772	0000	2020-04-16	\N	[]
2032-0000-S-11	test_userid_773	0000	2020-04-16	\N	[]
2032-0000-S-11	test_userid_774	0000	2020-04-16	\N	[]
2032-0000-S-11	test_userid_775	0000	2020-04-16	\N	[]
2032-0000-S-11	test_userid_776	0000	2020-04-16	\N	[]
2032-0000-S-11	test_userid_777	0000	2020-04-16	\N	[]
2032-0000-S-11	test_userid_778	0000	2020-04-16	\N	[]
2032-0000-S-11	test_userid_779	0000	2020-04-16	\N	[]
2032-0000-S-11	test_userid_780	0000	2020-04-16	\N	[]
2032-0000-S-11	test_userid_781	0000	2020-04-16	\N	[]
2032-0000-S-11	test_userid_782	0000	2020-04-16	\N	[]
2032-0000-S-11	test_userid_783	0000	2020-04-16	\N	[]
2032-0000-S-11	test_userid_784	0000	2020-04-16	\N	[]
2032-0000-S-11	test_userid_785	0000	2020-04-16	\N	[]
2032-0000-S-11	test_userid_787	0000	2020-04-16	\N	[]
2032-0000-S-11	test_userid_788	0000	2020-04-16	\N	[]
2032-0000-S-11	test_userid_789	0000	2020-04-16	\N	[]
2032-0000-S-11	test_userid_790	0000	2020-04-16	\N	[]
2032-0000-S-11	test_userid_791	0000	2020-04-16	\N	[]
2032-0000-S-11	test_userid_792	0000	2020-04-16	\N	[]
2032-0000-S-11	test_userid_793	0000	2020-04-16	\N	[]
2032-0000-S-11	test_userid_794	0000	2020-04-16	\N	[]
2032-0000-S-11	test_userid_795	0000	2020-04-16	\N	[]
2032-0000-S-11	test_userid_796	0000	2020-04-16	\N	[]
2032-0000-S-11	test_userid_797	0000	2020-04-16	\N	[]
2032-0000-S-11	test_userid_798	0000	2020-04-16	\N	[]
2032-0000-S-11	test_userid_799	0000	2020-04-16	\N	[]
2032-0000-S-11	test_userid_800	0000	2020-04-16	\N	[]
2032-0000-S-11	test_userid_801	0000	2020-04-16	\N	[]
2032-0000-S-11	test_userid_802	0000	2020-04-16	\N	[]
2032-0000-S-11	test_userid_803	0000	2020-04-16	\N	[]
2032-0000-S-11	test_userid_804	0000	2020-04-16	\N	[]
2032-0000-S-11	test_userid_805	0000	2020-04-16	\N	[]
2032-0000-S-11	test_userid_806	0000	2020-04-16	\N	[]
2032-0000-S-11	test_userid_808	0000	2020-04-16	\N	[]
2032-0000-S-11	test_userid_809	0000	2020-04-16	\N	[]
2032-0000-S-11	test_userid_810	0000	2020-04-16	\N	[]
2032-0000-S-11	test_userid_811	0000	2020-04-16	\N	[]
2032-0000-S-11	test_userid_812	0000	2020-04-16	\N	[]
2032-0000-S-11	test_userid_813	0000	2020-04-16	\N	[]
2032-0000-S-11	test_userid_814	0000	2020-04-16	\N	[]
2032-0000-S-11	test_userid_815	0000	2020-04-16	\N	[]
2032-0000-S-11	test_userid_816	0000	2020-04-16	\N	[]
2032-0000-S-11	test_userid_817	0000	2020-04-16	\N	[]
2032-0000-S-11	test_userid_818	0000	2020-04-16	\N	[]
2032-0000-S-11	test_userid_819	0000	2020-04-16	\N	[]
2032-0000-S-11	test_userid_820	0000	2020-04-16	\N	[]
2032-0000-S-11	test_userid_821	0000	2020-04-16	\N	[]
2032-0000-S-11	test_userid_822	0000	2020-04-16	\N	[]
2032-0000-S-11	test_userid_823	0000	2020-04-16	\N	[]
2032-0000-S-11	test_userid_824	0000	2020-04-16	\N	[]
2032-0000-S-11	test_userid_825	0000	2020-04-16	\N	[]
2032-0000-S-11	test_userid_826	0000	2020-04-16	\N	[]
2032-0000-S-11	test_userid_827	0000	2020-04-16	\N	[]
2032-0000-S-11	test_userid_829	0000	2020-04-16	\N	[]
2032-0000-S-11	test_userid_830	0000	2020-04-16	\N	[]
2032-0000-S-11	test_userid_831	0000	2020-04-16	\N	[]
2032-0000-S-11	test_userid_832	0000	2020-04-16	\N	[]
2032-0000-S-11	test_userid_833	0000	2020-04-16	\N	[]
2032-0000-S-11	test_userid_834	0000	2020-04-16	\N	[]
2032-0000-S-11	test_userid_836	0000	2020-04-16	\N	[]
2032-0000-S-11	test_userid_837	0000	2020-04-16	\N	[]
2032-0000-S-11	test_userid_838	0000	2020-04-16	\N	[]
2032-0000-S-11	test_userid_839	0000	2020-04-16	\N	[]
2032-0000-S-11	test_userid_840	0000	2020-04-16	\N	[]
2032-0000-S-11	test_userid_842	0000	2020-04-16	\N	[]
2032-0000-S-11	test_userid_843	0000	2020-04-16	\N	[]
2032-0000-S-11	test_userid_844	0000	2020-04-16	\N	[]
2032-0000-S-11	test_userid_845	0000	2020-04-16	\N	[]
2032-0000-S-11	test_userid_846	0000	2020-04-16	\N	[]
2032-0000-S-11	test_userid_847	0000	2020-04-16	\N	[]
2032-0000-S-11	test_userid_848	0000	2020-04-16	\N	[]
2032-0000-S-11	test_userid_849	0000	2020-04-16	\N	[]
2032-0000-S-11	test_userid_850	0000	2020-04-16	\N	[]
2032-0000-S-11	test_userid_851	0000	2020-04-16	\N	[]
2032-0000-S-11	test_userid_852	0000	2020-04-16	\N	[]
2032-0000-S-11	test_userid_853	0000	2020-04-16	\N	[]
2032-0000-S-11	test_userid_854	0000	2020-04-16	\N	[]
2032-0000-S-11	test_userid_855	0000	2020-04-16	\N	[]
2032-0000-S-11	test_userid_856	0000	2020-04-16	\N	[]
2032-0000-S-11	test_userid_857	0000	2020-04-16	\N	[]
2032-0000-S-11	test_userid_858	0000	2020-04-16	\N	[]
2032-0000-S-11	test_userid_859	0000	2020-04-16	\N	[]
2032-0000-S-11	test_userid_860	0000	2020-04-16	\N	[]
2032-0000-S-11	test_userid_861	0000	2020-04-16	\N	[]
2032-0000-S-11	test_userid_863	0000	2020-04-16	\N	[]
2032-0000-S-11	test_userid_864	0000	2020-04-16	\N	[]
2032-0000-S-11	test_userid_865	0000	2020-04-16	\N	[]
2032-0000-S-11	test_userid_866	0000	2020-04-16	\N	[]
2032-0000-S-11	test_userid_867	0000	2020-04-16	\N	[]
2032-0000-S-11	test_userid_868	0000	2020-04-16	\N	[]
2032-0000-S-11	test_userid_869	0000	2020-04-16	\N	[]
2032-0000-S-11	test_userid_870	0000	2020-04-16	\N	[]
2032-0000-S-11	test_userid_871	0000	2020-04-16	\N	[]
2032-0000-S-11	test_userid_872	0000	2020-04-16	\N	[]
2032-0000-S-11	test_userid_873	0000	2020-04-16	\N	[]
2032-0000-S-11	test_userid_874	0000	2020-04-16	\N	[]
2032-0000-S-11	test_userid_875	0000	2020-04-16	\N	[]
2032-0000-S-11	test_userid_876	0000	2020-04-16	\N	[]
2032-0000-S-11	test_userid_877	0000	2020-04-16	\N	[]
2032-0000-S-11	test_userid_878	0000	2020-04-16	\N	[]
2032-0000-S-11	test_userid_879	0000	2020-04-16	\N	[]
2032-0000-S-11	test_userid_880	0000	2020-04-16	\N	[]
2032-0000-S-11	test_userid_881	0000	2020-04-16	\N	[]
2032-0000-S-11	test_userid_882	0000	2020-04-16	\N	[]
2032-0000-S-11	test_userid_884	0000	2020-04-16	\N	[]
2032-0000-S-11	test_userid_885	0000	2020-04-16	\N	[]
2032-0000-S-11	test_userid_886	0000	2020-04-16	\N	[]
2032-0000-S-11	test_userid_887	0000	2020-04-16	\N	[]
2032-0000-S-11	test_userid_888	0000	2020-04-16	\N	[]
2032-0000-S-11	test_userid_889	0000	2020-04-16	\N	[]
2032-0000-S-11	test_userid_890	0000	2020-04-16	\N	[]
2032-0000-S-11	test_userid_891	0000	2020-04-16	\N	[]
2032-0000-S-11	test_userid_892	0000	2020-04-16	\N	[]
2032-0000-S-11	test_userid_893	0000	2020-04-16	\N	[]
2032-0000-S-11	test_userid_894	0000	2020-04-16	\N	[]
2032-0000-S-11	test_userid_895	0000	2020-04-16	\N	[]
2032-0000-S-11	test_userid_896	0000	2020-04-16	\N	[]
2032-0000-S-11	test_userid_897	0000	2020-04-16	\N	[]
2032-0000-S-11	test_userid_898	0000	2020-04-16	\N	[]
2032-0000-S-11	test_userid_899	0000	2020-04-16	\N	[]
2032-0000-S-11	test_userid_900	0000	2020-04-16	\N	[]
2032-0000-S-11	test_userid_901	0000	2020-04-16	\N	[]
2032-0000-S-11	test_userid_902	0000	2020-04-16	\N	[]
2032-0000-S-11	test_userid_903	0000	2020-04-16	\N	[]
2032-0000-S-11	test_userid_905	0000	2020-04-16	\N	[]
2032-0000-S-11	test_userid_906	0000	2020-04-16	\N	[]
2032-0000-S-11	test_userid_907	0000	2020-04-16	\N	[]
2032-0000-S-11	test_userid_908	0000	2020-04-16	\N	[]
2032-0000-S-11	test_userid_909	0000	2020-04-16	\N	[]
2032-0000-S-11	test_userid_910	0000	2020-04-16	\N	[]
2032-0000-S-11	test_userid_911	0000	2020-04-16	\N	[]
2032-0000-S-11	test_userid_912	0000	2020-04-16	\N	[]
2032-0000-S-11	test_userid_913	0000	2020-04-16	\N	[]
2032-0000-S-11	test_userid_914	0000	2020-04-16	\N	[]
2032-0000-S-11	test_userid_915	0000	2020-04-16	\N	[]
2032-0000-S-11	test_userid_916	0000	2020-04-16	\N	[]
2032-0000-S-11	test_userid_917	0000	2020-04-16	\N	[]
2032-0000-S-11	test_userid_918	0000	2020-04-16	\N	[]
2032-0000-S-11	test_userid_919	0000	2020-04-16	\N	[]
2032-0000-S-11	test_userid_920	0000	2020-04-16	\N	[]
2032-0000-S-11	test_userid_921	0000	2020-04-16	\N	[]
2032-0000-S-11	test_userid_922	0000	2020-04-16	\N	[]
2032-0000-S-11	test_userid_923	0000	2020-04-16	\N	[]
2032-0000-S-11	test_userid_924	0000	2020-04-16	\N	[]
2032-0000-S-11	test_userid_926	0000	2020-04-16	\N	[]
2032-0000-S-11	test_userid_927	0000	2020-04-16	\N	[]
2032-0000-S-11	test_userid_928	0000	2020-04-16	\N	[]
2032-0000-S-11	test_userid_929	0000	2020-04-16	\N	[]
2032-0000-S-11	test_userid_930	0000	2020-04-16	\N	[]
2032-0000-S-11	test_userid_931	0000	2020-04-16	\N	[]
2032-0000-S-11	test_userid_26	0000	2020-04-16	\N	[]
2032-0000-S-11	test_userid_47	0000	2020-04-16	\N	[]
2032-0000-S-11	test_userid_59	0000	2020-04-16	\N	[]
2032-0000-S-11	test_userid_65	0000	2020-04-16	\N	[]
2032-0000-S-11	test_userid_86	0000	2020-04-16	\N	[]
2032-0000-S-11	test_userid_107	0000	2020-04-16	\N	[]
2032-0000-S-11	test_userid_128	0000	2020-04-16	\N	[]
2032-0000-S-11	test_userid_149	0000	2020-04-16	\N	[]
2032-0000-S-11	test_userid_156	0000	2020-04-16	\N	[]
2032-0000-S-11	test_userid_162	0000	2020-04-16	\N	[]
2032-0000-S-11	test_userid_183	0000	2020-04-16	\N	[]
2032-0000-S-11	test_userid_204	0000	2020-04-16	\N	[]
2032-0000-S-11	test_userid_225	0000	2020-04-16	\N	[]
2032-0000-S-11	test_userid_246	0000	2020-04-16	\N	[]
2032-0000-S-11	test_userid_253	0000	2020-04-16	\N	[]
2032-0000-S-11	test_userid_259	0000	2020-04-16	\N	[]
2032-0000-S-11	test_userid_280	0000	2020-04-16	\N	[]
2032-0000-S-11	test_userid_301	0000	2020-04-16	\N	[]
2032-0000-S-11	test_userid_322	0000	2020-04-16	\N	[]
2032-0000-S-11	test_userid_343	0000	2020-04-16	\N	[]
2032-0000-S-11	test_userid_350	0000	2020-04-16	\N	[]
2032-0000-S-11	test_userid_356	0000	2020-04-16	\N	[]
2032-0000-S-11	test_userid_377	0000	2020-04-16	\N	[]
2032-0000-S-11	test_userid_398	0000	2020-04-16	\N	[]
2032-0000-S-11	test_userid_419	0000	2020-04-16	\N	[]
2032-0000-S-11	test_userid_440	0000	2020-04-16	\N	[]
2032-0000-S-11	test_userid_447	0000	2020-04-16	\N	[]
2032-0000-S-11	test_userid_453	0000	2020-04-16	\N	[]
2032-0000-S-11	test_userid_474	0000	2020-04-16	\N	[]
2032-0000-S-11	test_userid_933	0000	2020-04-16	\N	[]
2032-0000-S-11	test_userid_934	0000	2020-04-16	\N	[]
2032-0000-S-11	test_userid_935	0000	2020-04-16	\N	[]
2032-0000-S-11	test_userid_936	0000	2020-04-16	\N	[]
2032-0000-S-11	test_userid_937	0000	2020-04-16	\N	[]
2032-0000-S-11	test_userid_939	0000	2020-04-16	\N	[]
2032-0000-S-11	test_userid_940	0000	2020-04-16	\N	[]
2032-0000-S-11	test_userid_941	0000	2020-04-16	\N	[]
2032-0000-S-11	test_userid_942	0000	2020-04-16	\N	[]
2032-0000-S-11	test_userid_943	0000	2020-04-16	\N	[]
2032-0000-S-11	test_userid_944	0000	2020-04-16	\N	[]
2032-0000-S-11	test_userid_945	0000	2020-04-16	\N	[]
2032-0000-S-11	test_userid_946	0000	2020-04-16	\N	[]
2032-0000-S-11	test_userid_947	0000	2020-04-16	\N	[]
2032-0000-S-11	test_userid_948	0000	2020-04-16	\N	[]
2032-0000-S-11	test_userid_949	0000	2020-04-16	\N	[]
2032-0000-S-11	test_userid_950	0000	2020-04-16	\N	[]
2032-0000-S-11	test_userid_951	0000	2020-04-16	\N	[]
2032-0000-S-11	test_userid_952	0000	2020-04-16	\N	[]
2032-0000-S-11	test_userid_953	0000	2020-04-16	\N	[]
2032-0000-S-11	test_userid_954	0000	2020-04-16	\N	[]
2032-0000-S-11	test_userid_955	0000	2020-04-16	\N	[]
2032-0000-S-11	test_userid_956	0000	2020-04-16	\N	[]
2032-0000-S-11	test_userid_957	0000	2020-04-16	\N	[]
2032-0000-S-11	test_userid_958	0000	2020-04-16	\N	[]
2032-0000-S-11	test_userid_960	0000	2020-04-16	\N	[]
2032-0000-S-11	test_userid_961	0000	2020-04-16	\N	[]
2032-0000-S-11	test_userid_962	0000	2020-04-16	\N	[]
2032-0000-S-11	test_userid_963	0000	2020-04-16	\N	[]
2032-0000-S-11	test_userid_964	0000	2020-04-16	\N	[]
2032-0000-S-11	test_userid_965	0000	2020-04-16	\N	[]
2032-0000-S-11	test_userid_966	0000	2020-04-16	\N	[]
2032-0000-S-11	test_userid_967	0000	2020-04-16	\N	[]
2032-0000-S-11	test_userid_968	0000	2020-04-16	\N	[]
2032-0000-S-11	test_userid_969	0000	2020-04-16	\N	[]
2032-0000-S-11	test_userid_970	0000	2020-04-16	\N	[]
2032-0000-S-11	test_userid_971	0000	2020-04-16	\N	[]
2032-0000-S-11	test_userid_972	0000	2020-04-16	\N	[]
2032-0000-S-11	test_userid_973	0000	2020-04-16	\N	[]
2032-0000-S-11	test_userid_974	0000	2020-04-16	\N	[]
2032-0000-S-11	test_userid_975	0000	2020-04-16	\N	[]
2032-0000-S-11	test_userid_976	0000	2020-04-16	\N	[]
2032-0000-S-11	test_userid_977	0000	2020-04-16	\N	[]
2032-0000-S-11	test_userid_978	0000	2020-04-16	\N	[]
2032-0000-S-11	test_userid_979	0000	2020-04-16	\N	[]
2032-0000-S-11	test_userid_981	0000	2020-04-16	\N	[]
2032-0000-S-11	test_userid_982	0000	2020-04-16	\N	[]
2032-0000-S-11	test_userid_983	0000	2020-04-16	\N	[]
2032-0000-S-11	test_userid_984	0000	2020-04-16	\N	[]
2032-0000-S-11	test_userid_985	0000	2020-04-16	\N	[]
2032-0000-S-11	test_userid_986	0000	2020-04-16	\N	[]
2032-0000-S-11	test_userid_987	0000	2020-04-16	\N	[]
2032-0000-S-11	test_userid_988	0000	2020-04-16	\N	[]
2032-0000-S-11	test_userid_989	0000	2020-04-16	\N	[]
2032-0000-S-11	test_userid_990	0000	2020-04-16	\N	[]
2032-0000-S-11	test_userid_991	0000	2020-04-16	\N	[]
2032-0000-S-11	test_userid_992	0000	2020-04-16	\N	[]
2032-0000-S-11	test_userid_993	0000	2020-04-16	\N	[]
2032-0000-S-11	test_userid_994	0000	2020-04-16	\N	[]
2032-0000-S-11	test_userid_995	0000	2020-04-16	\N	[]
2032-0000-S-11	test_userid_996	0000	2020-04-16	\N	[]
2032-0000-S-11	test_userid_997	0000	2020-04-16	\N	[]
2032-0000-S-11	test_userid_998	0000	2020-04-16	\N	[]
2032-0000-S-11	test_userid_999	0000	2020-04-16	\N	[]
2032-0000-S-11	test_userid_495	0000	2020-04-16	\N	[]
2032-0000-S-11	test_userid_516	0000	2020-04-16	\N	[]
2032-0000-S-11	test_userid_537	0000	2020-04-16	\N	[]
2032-0000-S-11	test_userid_544	0000	2020-04-16	\N	[]
2032-0000-S-11	test_userid_550	0000	2020-04-16	\N	[]
2032-0000-S-11	test_userid_571	0000	2020-04-16	\N	[]
2032-0000-S-11	test_userid_592	0000	2020-04-16	\N	[]
2032-0000-S-11	test_userid_613	0000	2020-04-16	\N	[]
2032-0000-S-11	test_userid_634	0000	2020-04-16	\N	[]
2032-0000-S-11	test_userid_641	0000	2020-04-16	\N	[]
2032-0000-S-11	test_userid_647	0000	2020-04-16	\N	[]
2032-0000-S-11	test_userid_668	0000	2020-04-16	\N	[]
2032-0000-S-11	test_userid_689	0000	2020-04-16	\N	[]
2032-0000-S-11	test_userid_710	0000	2020-04-16	\N	[]
2032-0000-S-11	test_userid_731	0000	2020-04-16	\N	[]
2032-0000-S-11	test_userid_738	0000	2020-04-16	\N	[]
2032-0000-S-11	test_userid_744	0000	2020-04-16	\N	[]
2032-0000-S-11	test_userid_765	0000	2020-04-16	\N	[]
2032-0000-S-11	test_userid_786	0000	2020-04-16	\N	[]
2032-0000-S-11	test_userid_807	0000	2020-04-16	\N	[]
2032-0000-S-11	test_userid_828	0000	2020-04-16	\N	[]
2032-0000-S-11	test_userid_835	0000	2020-04-16	\N	[]
2032-0000-S-11	test_userid_841	0000	2020-04-16	\N	[]
2032-0000-S-11	test_userid_862	0000	2020-04-16	\N	[]
2032-0000-S-11	test_userid_883	0000	2020-04-16	\N	[]
2032-0000-S-11	test_userid_904	0000	2020-04-16	\N	[]
2032-0000-S-11	test_userid_925	0000	2020-04-16	\N	[]
2032-0000-S-11	test_userid_932	0000	2020-04-16	\N	[]
2032-0000-S-11	test_userid_938	0000	2020-04-16	\N	[]
2032-0000-S-11	test_userid_959	0000	2020-04-16	\N	[]
2032-0000-S-11	test_userid_980	0000	2020-04-16	\N	[]
\.


--
-- Data for Name: project; Type: TABLE DATA; Schema: public; Owner: postgres
--

COPY public.project (projectid, projectname, projectmanagerid, projectmonitorid, projectclientid, projectstartdate, projectenddate, projectframeworks, projectlanguages, projectmilestones, projectstatus) FROM stdin;
2032-0000-S-05	test	0000	0001	0000	2020-04-01	2020-04-16	MVC	["PHP","Python"]	[{"milestoneContent":"milestone","milestoneDate":1587484800000}]	0
2032-0000-S-03	测试222	0000	0001	0000	2020-04-01	2020-04-02	MVC	["PHP"]	[{"milestoneContent":"milestone 1","milestoneDate":1587571200000}]	3
2032-0000-S-06	pre	0000	0001	0000	2020-04-01	2020-04-14	MVC	["Python"]	[{"milestoneContent":"milestone1","milestoneDate":1585756800000}]	0
2032-0000-S-10	宁总电商	0000	0005	0000	2020-04-14	2020-04-14	spring	["Java"]	[{"milestoneContent":"??","milestoneDate":1586793600000}]	0
2032-0000-S-00	抖音推广	0000	0007	0000	2020-04-14	2020-04-15	mvc	["C++"]	[{"milestoneContent":"test","milestoneDate":1586793600000}]	0
2032-0000-S-12	测试创建功能	0000	0007	0000	2020-04-30	2020-05-01	MVC	["Go","Python","Swift"]	[{"milestoneContent":"milestone 1","milestoneDate":1588176000000},{"milestoneContent":"milestone 2","milestoneDate":1588262400000}]	0
2032-0000-S-13	测试的项目	0000	0005	0000	2020-04-01	2020-04-15	php	["PHP"]	[{"milestoneContent":"milestone","milestoneDate":1585670400000}]	0
2032-0000-S-15	测试	0000	0001	0000	2020-04-09	2020-04-23	MVC	["Go","PHP"]	[{"milestoneContent":"milestone 1","milestoneDate":1587484800000}]	0
2032-0000-S-19	feature	0000	0008	0000	2020-04-14	2020-04-22	MVC	["PHP","Python"]	[{"milestoneContent":"milestone 1","milestoneDate":1586880000000}]	0
2032-0000-S-14	外包项目	0000	0006	0000	2020-04-21	2020-04-29	bin	["C++"]	[{"milestoneContent":"m","milestoneDate":1586275200000}]	0
2032-0000-S-16	项目123	0000	0007	0000	2020-04-17	2020-04-29	MVVM	["PHP","Python"]	[{"milestoneContent":"milestone 1","milestoneDate":1587571200000}]	0
2032-0000-S-18	驳回测试 after	0000	0001	0000	2020-04-01	2020-04-22	MVC after	["Go"]	[{"milestoneContent":"milestone 1","milestoneDate":1587484800000}]	0
2032-0000-S-17	测试排序	0000	0001	0000	2020-04-30	2020-04-22	MVVM	["Go","PHP"]	[{"milestoneContent":"milestone 1","milestoneDate":1586966400000}]	0
2032-0000-S-07	王氏电商	0000	0005	0000	2020-04-14	2020-04-14	test	["Java"]	[{"milestoneContent":"wu","milestoneDate":1586793600000}]	0
2032-0000-S-08	高氏电商	0000	0005	0000	2020-04-14	2020-04-14	test	["Java"]	[{"milestoneContent":"这是啥","milestoneDate":1586793600000}]	0
2032-0000-S-09	杨Sir电商	0000	0005	0000	2020-04-14	2020-04-14	test	["Java"]	[{"milestoneContent":"这是啥","milestoneDate":1586793600000}]	0
2032-0000-S-11	徐老板龙虾	0000	0005	0000	2020-04-14	2120-04-14	spring	["Java"]	[{"milestoneContent":"?","milestoneDate":1586793600000}]	2
2032-0000-S-20	森之大统领	0000	0001	0000	2020-04-01	2020-04-22	xxx	["C","C++"]	[{"milestoneContent":"VAN样","milestoneDate":1586880000000}]	5
2032-0000-S-01	create test 1 after	0000	0005	0000	2020-04-29	2020-04-30	mvc111	["Go"]	[{"milestoneContent":"milestone 1","milestoneDate":1585670400000},{"milestoneContent":"milestone 2","milestoneDate":1586880000000}]	1
2032-0000-S-04	测试	0000	0008	0000	2020-04-01	2020-04-15	mvc	["PHP","Python"]	[{"milestoneContent":"milestone","milestoneDate":1585670400000}]	0
\.


--
-- Data for Name: projectidlist; Type: TABLE DATA; Schema: public; Owner: postgres
--

COPY public.projectidlist (projectid) FROM stdin;
2032-0000-S-21
2032-0000-S-22
2032-0000-S-23
2032-0000-S-24
2032-0000-S-25
2032-0000-S-26
2032-0000-S-27
2032-0000-S-28
2032-0000-S-29
2032-0000-S-30
2032-0000-S-31
2032-0000-S-32
2032-0000-S-33
2032-0000-S-34
2032-0000-S-35
2032-0000-S-36
2032-0000-S-37
2032-0000-S-38
2032-0000-S-39
2032-0000-S-40
2032-0000-S-41
2032-0000-S-43
2032-0000-S-42
2032-0000-S-44
2032-0000-S-45
2032-0000-S-46
2032-0000-S-47
2032-0000-S-48
2032-0000-S-49
2032-0000-S-02
\.


--
-- Data for Name: projectsubstatus; Type: TABLE DATA; Schema: public; Owner: postgres
--

COPY public.projectsubstatus (projectid, configurationcompleted, allocatedqa, allocatedepg) FROM stdin;
2032-0000-S-01	f	f	t
2032-0000-S-20	t	t	t
2032-0000-S-04	f	f	f
2032-0000-S-03	t	t	t
2032-0000-S-05	f	f	f
2032-0000-S-06	f	f	f
2032-0000-S-07	f	f	f
2032-0000-S-08	f	f	f
2032-0000-S-09	f	f	f
2032-0000-S-10	f	f	f
2032-0000-S-00	f	f	f
2032-0000-S-12	f	f	f
2032-0000-S-13	f	f	f
2032-0000-S-15	f	f	f
2032-0000-S-19	f	f	f
2032-0000-S-14	f	f	f
2032-0000-S-16	f	f	f
2032-0000-S-18	f	f	f
2032-0000-S-17	f	f	f
2032-0000-S-11	t	t	t
\.


--
-- Data for Name: riskholders; Type: TABLE DATA; Schema: public; Owner: postgres
--

COPY public.riskholders (riskid, riskholder) FROM stdin;
44	0000
44	0002
47	0009
47	0008
45	0000
45	0002
\.


--
-- Data for Name: risklist; Type: TABLE DATA; Schema: public; Owner: postgres
--

COPY public.risklist (riskid, riskdescription, risktype, riskcharger, risklevel, riskinfluence, riskstatus, riskfrequency, riskstrategy, risklastsendtime, projectid, riskchargername) FROM stdin;
44	风险1 after	1	0000	0	0	1	10	策略draft	2020-04-13	2032-0000-S-01	EPG Leader
47	风险1 after	1	0000	0	0	1	12	策略draft	2020-04-13	2032-0000-S-03	项目经理
45	test	0	0000	0	0	0	1	tets	2020-04-16	2032-0000-S-01	项目经理
\.


--
-- Data for Name: risktemplates; Type: TABLE DATA; Schema: public; Owner: postgres
--

COPY public.risktemplates (riskdescription, risktype, risklevel, riskinfluence, riskstrategy) FROM stdin;
\.


--
-- Data for Name: users; Type: TABLE DATA; Schema: public; Owner: postgres
--

COPY public.users (userid, username, userphone, usermail, userdepartment, userrole, userpassword) FROM stdin;
0005	小明	13712340005	whyalwaysme@163.com	0	0	123456
0006	小红	13712340006	whereisxiaogang@163.com	0	0	123456
0007	老王	13712340007	mrwanglivingnextdoor@163.com	0	0	123456
0008	李雷	13712340008	writelettersforme@163.com	0	0	123456
0009	韩梅梅	13712340009	myhusbandisnotlilei@mail.com	0	0	123456
0000	项目经理	13712340000	sacrificedtothegod@163.com	0	0	123456
0001	项目上级	13712340001	nooneknowsprojectmanagementbetterthanme@163.com	0	1	123456
0002	EPG Leader	13712340002	kingoftheepg@163.com	0	2	123456
0003	QA经理	13712340003	kingoftheqa@163.com	0	3	123456
0004	系统配置经理	13712340004	dropdatabaseandrunaway@163.com	0	4	123456
test_userid_1	test_username_1	test_userphone_1	userid_1@mail.com	0	0	test_password_1
test_userid_2	test_username_2	test_userphone_2	userid_2@mail.com	0	0	test_password_2
test_userid_3	test_username_3	test_userphone_3	userid_3@mail.com	0	0	test_password_3
test_userid_4	test_username_4	test_userphone_4	userid_4@mail.com	0	0	test_password_4
test_userid_5	test_username_5	test_userphone_5	userid_5@mail.com	0	0	test_password_5
test_userid_6	test_username_6	test_userphone_6	userid_6@mail.com	0	0	test_password_6
test_userid_7	test_username_7	test_userphone_7	userid_7@mail.com	0	0	test_password_7
test_userid_8	test_username_8	test_userphone_8	userid_8@mail.com	0	0	test_password_8
test_userid_9	test_username_9	test_userphone_9	userid_9@mail.com	0	0	test_password_9
test_userid_11	test_username_11	test_userphone_11	userid_11@mail.com	0	0	test_password_11
test_userid_12	test_username_12	test_userphone_12	userid_12@mail.com	0	0	test_password_12
test_userid_13	test_username_13	test_userphone_13	userid_13@mail.com	0	0	test_password_13
test_userid_14	test_username_14	test_userphone_14	userid_14@mail.com	0	0	test_password_14
test_userid_15	test_username_15	test_userphone_15	userid_15@mail.com	0	0	test_password_15
test_userid_16	test_username_16	test_userphone_16	userid_16@mail.com	0	0	test_password_16
test_userid_17	test_username_17	test_userphone_17	userid_17@mail.com	0	0	test_password_17
test_userid_18	test_username_18	test_userphone_18	userid_18@mail.com	0	0	test_password_18
test_userid_19	test_username_19	test_userphone_19	userid_19@mail.com	0	0	test_password_19
test_userid_20	test_username_20	test_userphone_20	userid_20@mail.com	0	0	test_password_20
test_userid_21	test_username_21	test_userphone_21	userid_21@mail.com	0	0	test_password_21
test_userid_22	test_username_22	test_userphone_22	userid_22@mail.com	0	0	test_password_22
test_userid_23	test_username_23	test_userphone_23	userid_23@mail.com	0	0	test_password_23
test_userid_24	test_username_24	test_userphone_24	userid_24@mail.com	0	0	test_password_24
test_userid_25	test_username_25	test_userphone_25	userid_25@mail.com	0	0	test_password_25
test_userid_26	test_username_26	test_userphone_26	userid_26@mail.com	0	0	test_password_26
test_userid_27	test_username_27	test_userphone_27	userid_27@mail.com	0	0	test_password_27
test_userid_28	test_username_28	test_userphone_28	userid_28@mail.com	0	0	test_password_28
test_userid_29	test_username_29	test_userphone_29	userid_29@mail.com	0	0	test_password_29
test_userid_30	test_username_30	test_userphone_30	userid_30@mail.com	0	0	test_password_30
test_userid_31	test_username_31	test_userphone_31	userid_31@mail.com	0	0	test_password_31
test_userid_32	test_username_32	test_userphone_32	userid_32@mail.com	0	0	test_password_32
test_userid_33	test_username_33	test_userphone_33	userid_33@mail.com	0	0	test_password_33
test_userid_34	test_username_34	test_userphone_34	userid_34@mail.com	0	0	test_password_34
test_userid_35	test_username_35	test_userphone_35	userid_35@mail.com	0	0	test_password_35
test_userid_36	test_username_36	test_userphone_36	userid_36@mail.com	0	0	test_password_36
test_userid_37	test_username_37	test_userphone_37	userid_37@mail.com	0	0	test_password_37
test_userid_38	test_username_38	test_userphone_38	userid_38@mail.com	0	0	test_password_38
test_userid_39	test_username_39	test_userphone_39	userid_39@mail.com	0	0	test_password_39
test_userid_40	test_username_40	test_userphone_40	userid_40@mail.com	0	0	test_password_40
test_userid_41	test_username_41	test_userphone_41	userid_41@mail.com	0	0	test_password_41
test_userid_42	test_username_42	test_userphone_42	userid_42@mail.com	0	0	test_password_42
test_userid_43	test_username_43	test_userphone_43	userid_43@mail.com	0	0	test_password_43
test_userid_44	test_username_44	test_userphone_44	userid_44@mail.com	0	0	test_password_44
test_userid_45	test_username_45	test_userphone_45	userid_45@mail.com	0	0	test_password_45
test_userid_46	test_username_46	test_userphone_46	userid_46@mail.com	0	0	test_password_46
test_userid_47	test_username_47	test_userphone_47	userid_47@mail.com	0	0	test_password_47
test_userid_48	test_username_48	test_userphone_48	userid_48@mail.com	0	0	test_password_48
test_userid_49	test_username_49	test_userphone_49	userid_49@mail.com	0	0	test_password_49
758752	81119	358001264	99978@mail.com	0	0	123456
763196	38855	716836050	84895@mail.com	0	0	123456
516714	14713	890142473	72951@mail.com	0	0	123456
223378	76752	510309355	5622@mail.com	0	0	123456
210317	53100	471643314	29529@mail.com	0	0	123456
507843	74001	528948373	35432@mail.com	0	0	123456
921545	16714	444937711	52697@mail.com	0	0	123456
960755	92092	373870012	52451@mail.com	0	0	123456
24360	28230	489531200	56827@mail.com	0	0	123456
985787	48094	430368153	76869@mail.com	0	0	123456
206778	76448	893419645	15026@mail.com	0	0	123456
314516	45172	565001565	65805@mail.com	0	0	123456
147660	45419	636333716	40433@mail.com	0	0	123456
790439	26542	976014526	77499@mail.com	0	0	123456
825174	93595	881153102	95023@mail.com	0	0	123456
925370	62326	420875560	92517@mail.com	0	0	123456
845021	99150	138779787	41020@mail.com	0	0	123456
224208	86647	166789993	60252@mail.com	0	0	123456
493909	97087	196954995	94638@mail.com	0	0	123456
419595	38385	788362364	72666@mail.com	0	0	123456
447360	21337	884949735	89628@mail.com	0	0	123456
309727	23138	371155013	54051@mail.com	0	0	123456
190868	30785	883754201	8972@mail.com	0	0	123456
test_userid_51	test_username_51	test_userphone_51	userid_51@mail.com	0	0	test_password_51
test_userid_52	test_username_52	test_userphone_52	userid_52@mail.com	0	0	test_password_52
test_userid_53	test_username_53	test_userphone_53	userid_53@mail.com	0	0	test_password_53
test_userid_54	test_username_54	test_userphone_54	userid_54@mail.com	0	0	test_password_54
test_userid_55	test_username_55	test_userphone_55	userid_55@mail.com	0	0	test_password_55
test_userid_56	test_username_56	test_userphone_56	userid_56@mail.com	0	0	test_password_56
test_userid_57	test_username_57	test_userphone_57	userid_57@mail.com	0	0	test_password_57
test_userid_58	test_username_58	test_userphone_58	userid_58@mail.com	0	0	test_password_58
test_userid_59	test_username_59	test_userphone_59	userid_59@mail.com	0	0	test_password_59
test_userid_60	test_username_60	test_userphone_60	userid_60@mail.com	0	0	test_password_60
test_userid_61	test_username_61	test_userphone_61	userid_61@mail.com	0	0	test_password_61
test_userid_62	test_username_62	test_userphone_62	userid_62@mail.com	0	0	test_password_62
test_userid_63	test_username_63	test_userphone_63	userid_63@mail.com	0	0	test_password_63
test_userid_64	test_username_64	test_userphone_64	userid_64@mail.com	0	0	test_password_64
test_userid_65	test_username_65	test_userphone_65	userid_65@mail.com	0	0	test_password_65
test_userid_66	test_username_66	test_userphone_66	userid_66@mail.com	0	0	test_password_66
test_userid_67	test_username_67	test_userphone_67	userid_67@mail.com	0	0	test_password_67
test_userid_68	test_username_68	test_userphone_68	userid_68@mail.com	0	0	test_password_68
test_userid_69	test_username_69	test_userphone_69	userid_69@mail.com	0	0	test_password_69
test_userid_70	test_username_70	test_userphone_70	userid_70@mail.com	0	0	test_password_70
test_userid_71	test_username_71	test_userphone_71	userid_71@mail.com	0	0	test_password_71
test_userid_72	test_username_72	test_userphone_72	userid_72@mail.com	0	0	test_password_72
test_userid_73	test_username_73	test_userphone_73	userid_73@mail.com	0	0	test_password_73
test_userid_74	test_username_74	test_userphone_74	userid_74@mail.com	0	0	test_password_74
test_userid_75	test_username_75	test_userphone_75	userid_75@mail.com	0	0	test_password_75
test_userid_76	test_username_76	test_userphone_76	userid_76@mail.com	0	0	test_password_76
test_userid_77	test_username_77	test_userphone_77	userid_77@mail.com	0	0	test_password_77
test_userid_78	test_username_78	test_userphone_78	userid_78@mail.com	0	0	test_password_78
test_userid_79	test_username_79	test_userphone_79	userid_79@mail.com	0	0	test_password_79
test_userid_80	test_username_80	test_userphone_80	userid_80@mail.com	0	0	test_password_80
test_userid_81	test_username_81	test_userphone_81	userid_81@mail.com	0	0	test_password_81
test_userid_82	test_username_82	test_userphone_82	userid_82@mail.com	0	0	test_password_82
test_userid_83	test_username_83	test_userphone_83	userid_83@mail.com	0	0	test_password_83
test_userid_84	test_username_84	test_userphone_84	userid_84@mail.com	0	0	test_password_84
test_userid_85	test_username_85	test_userphone_85	userid_85@mail.com	0	0	test_password_85
test_userid_86	test_username_86	test_userphone_86	userid_86@mail.com	0	0	test_password_86
test_userid_87	test_username_87	test_userphone_87	userid_87@mail.com	0	0	test_password_87
test_userid_88	test_username_88	test_userphone_88	userid_88@mail.com	0	0	test_password_88
test_userid_89	test_username_89	test_userphone_89	userid_89@mail.com	0	0	test_password_89
test_userid_90	test_username_90	test_userphone_90	userid_90@mail.com	0	0	test_password_90
test_userid_91	test_username_91	test_userphone_91	userid_91@mail.com	0	0	test_password_91
test_userid_93	test_username_93	test_userphone_93	userid_93@mail.com	0	0	test_password_93
test_userid_94	test_username_94	test_userphone_94	userid_94@mail.com	0	0	test_password_94
test_userid_95	test_username_95	test_userphone_95	userid_95@mail.com	0	0	test_password_95
test_userid_96	test_username_96	test_userphone_96	userid_96@mail.com	0	0	test_password_96
test_userid_97	test_username_97	test_userphone_97	userid_97@mail.com	0	0	test_password_97
test_userid_98	test_username_98	test_userphone_98	userid_98@mail.com	0	0	test_password_98
test_userid_99	test_username_99	test_userphone_99	userid_99@mail.com	0	0	test_password_99
test_userid_100	test_username_100	test_userphone_100	userid_100@mail.com	0	0	test_password_100
test_userid_101	test_username_101	test_userphone_101	userid_101@mail.com	0	0	test_password_101
test_userid_102	test_username_102	test_userphone_102	userid_102@mail.com	0	0	test_password_102
test_userid_103	test_username_103	test_userphone_103	userid_103@mail.com	0	0	test_password_103
test_userid_104	test_username_104	test_userphone_104	userid_104@mail.com	0	0	test_password_104
test_userid_106	test_username_106	test_userphone_106	userid_106@mail.com	0	0	test_password_106
test_userid_107	test_username_107	test_userphone_107	userid_107@mail.com	0	0	test_password_107
test_userid_108	test_username_108	test_userphone_108	userid_108@mail.com	0	0	test_password_108
test_userid_109	test_username_109	test_userphone_109	userid_109@mail.com	0	0	test_password_109
test_userid_110	test_username_110	test_userphone_110	userid_110@mail.com	0	0	test_password_110
test_userid_111	test_username_111	test_userphone_111	userid_111@mail.com	0	0	test_password_111
test_userid_112	test_username_112	test_userphone_112	userid_112@mail.com	0	0	test_password_112
test_userid_113	test_username_113	test_userphone_113	userid_113@mail.com	0	0	test_password_113
test_userid_114	test_username_114	test_userphone_114	userid_114@mail.com	0	0	test_password_114
test_userid_115	test_username_115	test_userphone_115	userid_115@mail.com	0	0	test_password_115
test_userid_116	test_username_116	test_userphone_116	userid_116@mail.com	0	0	test_password_116
test_userid_117	test_username_117	test_userphone_117	userid_117@mail.com	0	0	test_password_117
test_userid_118	test_username_118	test_userphone_118	userid_118@mail.com	0	0	test_password_118
test_userid_119	test_username_119	test_userphone_119	userid_119@mail.com	0	0	test_password_119
test_userid_120	test_username_120	test_userphone_120	userid_120@mail.com	0	0	test_password_120
test_userid_121	test_username_121	test_userphone_121	userid_121@mail.com	0	0	test_password_121
test_userid_122	test_username_122	test_userphone_122	userid_122@mail.com	0	0	test_password_122
test_userid_123	test_username_123	test_userphone_123	userid_123@mail.com	0	0	test_password_123
test_userid_124	test_username_124	test_userphone_124	userid_124@mail.com	0	0	test_password_124
test_userid_125	test_username_125	test_userphone_125	userid_125@mail.com	0	0	test_password_125
test_userid_126	test_username_126	test_userphone_126	userid_126@mail.com	0	0	test_password_126
test_userid_127	test_username_127	test_userphone_127	userid_127@mail.com	0	0	test_password_127
test_userid_128	test_username_128	test_userphone_128	userid_128@mail.com	0	0	test_password_128
test_userid_129	test_username_129	test_userphone_129	userid_129@mail.com	0	0	test_password_129
test_userid_130	test_username_130	test_userphone_130	userid_130@mail.com	0	0	test_password_130
test_userid_131	test_username_131	test_userphone_131	userid_131@mail.com	0	0	test_password_131
test_userid_132	test_username_132	test_userphone_132	userid_132@mail.com	0	0	test_password_132
test_userid_133	test_username_133	test_userphone_133	userid_133@mail.com	0	0	test_password_133
test_userid_134	test_username_134	test_userphone_134	userid_134@mail.com	0	0	test_password_134
test_userid_135	test_username_135	test_userphone_135	userid_135@mail.com	0	0	test_password_135
test_userid_136	test_username_136	test_userphone_136	userid_136@mail.com	0	0	test_password_136
test_userid_137	test_username_137	test_userphone_137	userid_137@mail.com	0	0	test_password_137
test_userid_138	test_username_138	test_userphone_138	userid_138@mail.com	0	0	test_password_138
test_userid_139	test_username_139	test_userphone_139	userid_139@mail.com	0	0	test_password_139
test_userid_141	test_username_141	test_userphone_141	userid_141@mail.com	0	0	test_password_141
test_userid_142	test_username_142	test_userphone_142	userid_142@mail.com	0	0	test_password_142
test_userid_143	test_username_143	test_userphone_143	userid_143@mail.com	0	0	test_password_143
test_userid_144	test_username_144	test_userphone_144	userid_144@mail.com	0	0	test_password_144
test_userid_145	test_username_145	test_userphone_145	userid_145@mail.com	0	0	test_password_145
test_userid_146	test_username_146	test_userphone_146	userid_146@mail.com	0	0	test_password_146
test_userid_147	test_username_147	test_userphone_147	userid_147@mail.com	0	0	test_password_147
test_userid_148	test_username_148	test_userphone_148	userid_148@mail.com	0	0	test_password_148
test_userid_149	test_username_149	test_userphone_149	userid_149@mail.com	0	0	test_password_149
test_userid_151	test_username_151	test_userphone_151	userid_151@mail.com	0	0	test_password_151
test_userid_152	test_username_152	test_userphone_152	userid_152@mail.com	0	0	test_password_152
test_userid_153	test_username_153	test_userphone_153	userid_153@mail.com	0	0	test_password_153
test_userid_154	test_username_154	test_userphone_154	userid_154@mail.com	0	0	test_password_154
test_userid_155	test_username_155	test_userphone_155	userid_155@mail.com	0	0	test_password_155
test_userid_156	test_username_156	test_userphone_156	userid_156@mail.com	0	0	test_password_156
test_userid_157	test_username_157	test_userphone_157	userid_157@mail.com	0	0	test_password_157
test_userid_158	test_username_158	test_userphone_158	userid_158@mail.com	0	0	test_password_158
test_userid_159	test_username_159	test_userphone_159	userid_159@mail.com	0	0	test_password_159
test_userid_160	test_username_160	test_userphone_160	userid_160@mail.com	0	0	test_password_160
test_userid_161	test_username_161	test_userphone_161	userid_161@mail.com	0	0	test_password_161
test_userid_162	test_username_162	test_userphone_162	userid_162@mail.com	0	0	test_password_162
test_userid_164	test_username_164	test_userphone_164	userid_164@mail.com	0	0	test_password_164
test_userid_165	test_username_165	test_userphone_165	userid_165@mail.com	0	0	test_password_165
test_userid_166	test_username_166	test_userphone_166	userid_166@mail.com	0	0	test_password_166
test_userid_167	test_username_167	test_userphone_167	userid_167@mail.com	0	0	test_password_167
test_userid_168	test_username_168	test_userphone_168	userid_168@mail.com	0	0	test_password_168
test_userid_169	test_username_169	test_userphone_169	userid_169@mail.com	0	0	test_password_169
test_userid_170	test_username_170	test_userphone_170	userid_170@mail.com	0	0	test_password_170
test_userid_171	test_username_171	test_userphone_171	userid_171@mail.com	0	0	test_password_171
test_userid_172	test_username_172	test_userphone_172	userid_172@mail.com	0	0	test_password_172
test_userid_173	test_username_173	test_userphone_173	userid_173@mail.com	0	0	test_password_173
test_userid_174	test_username_174	test_userphone_174	userid_174@mail.com	0	0	test_password_174
test_userid_175	test_username_175	test_userphone_175	userid_175@mail.com	0	0	test_password_175
test_userid_176	test_username_176	test_userphone_176	userid_176@mail.com	0	0	test_password_176
test_userid_177	test_username_177	test_userphone_177	userid_177@mail.com	0	0	test_password_177
test_userid_178	test_username_178	test_userphone_178	userid_178@mail.com	0	0	test_password_178
test_userid_179	test_username_179	test_userphone_179	userid_179@mail.com	0	0	test_password_179
test_userid_180	test_username_180	test_userphone_180	userid_180@mail.com	0	0	test_password_180
test_userid_181	test_username_181	test_userphone_181	userid_181@mail.com	0	0	test_password_181
test_userid_182	test_username_182	test_userphone_182	userid_182@mail.com	0	0	test_password_182
test_userid_183	test_username_183	test_userphone_183	userid_183@mail.com	0	0	test_password_183
test_userid_184	test_username_184	test_userphone_184	userid_184@mail.com	0	0	test_password_184
test_userid_185	test_username_185	test_userphone_185	userid_185@mail.com	0	0	test_password_185
test_userid_186	test_username_186	test_userphone_186	userid_186@mail.com	0	0	test_password_186
test_userid_187	test_username_187	test_userphone_187	userid_187@mail.com	0	0	test_password_187
test_userid_188	test_username_188	test_userphone_188	userid_188@mail.com	0	0	test_password_188
test_userid_189	test_username_189	test_userphone_189	userid_189@mail.com	0	0	test_password_189
test_userid_190	test_username_190	test_userphone_190	userid_190@mail.com	0	0	test_password_190
test_userid_191	test_username_191	test_userphone_191	userid_191@mail.com	0	0	test_password_191
test_userid_192	test_username_192	test_userphone_192	userid_192@mail.com	0	0	test_password_192
test_userid_193	test_username_193	test_userphone_193	userid_193@mail.com	0	0	test_password_193
test_userid_194	test_username_194	test_userphone_194	userid_194@mail.com	0	0	test_password_194
test_userid_195	test_username_195	test_userphone_195	userid_195@mail.com	0	0	test_password_195
test_userid_196	test_username_196	test_userphone_196	userid_196@mail.com	0	0	test_password_196
test_userid_197	test_username_197	test_userphone_197	userid_197@mail.com	0	0	test_password_197
test_userid_199	test_username_199	test_userphone_199	userid_199@mail.com	0	0	test_password_199
test_userid_200	test_username_200	test_userphone_200	userid_200@mail.com	0	1	test_password_200
test_userid_201	test_username_201	test_userphone_201	userid_201@mail.com	0	1	test_password_201
test_userid_202	test_username_202	test_userphone_202	userid_202@mail.com	0	1	test_password_202
test_userid_203	test_username_203	test_userphone_203	userid_203@mail.com	0	1	test_password_203
test_userid_204	test_username_204	test_userphone_204	userid_204@mail.com	0	1	test_password_204
test_userid_205	test_username_205	test_userphone_205	userid_205@mail.com	0	1	test_password_205
test_userid_206	test_username_206	test_userphone_206	userid_206@mail.com	0	1	test_password_206
test_userid_207	test_username_207	test_userphone_207	userid_207@mail.com	0	1	test_password_207
test_userid_209	test_username_209	test_userphone_209	userid_209@mail.com	0	1	test_password_209
test_userid_210	test_username_210	test_userphone_210	userid_210@mail.com	0	1	test_password_210
test_userid_211	test_username_211	test_userphone_211	userid_211@mail.com	0	1	test_password_211
test_userid_212	test_username_212	test_userphone_212	userid_212@mail.com	0	1	test_password_212
test_userid_213	test_username_213	test_userphone_213	userid_213@mail.com	0	1	test_password_213
test_userid_214	test_username_214	test_userphone_214	userid_214@mail.com	0	1	test_password_214
test_userid_215	test_username_215	test_userphone_215	userid_215@mail.com	0	1	test_password_215
test_userid_216	test_username_216	test_userphone_216	userid_216@mail.com	0	1	test_password_216
test_userid_217	test_username_217	test_userphone_217	userid_217@mail.com	0	1	test_password_217
test_userid_218	test_username_218	test_userphone_218	userid_218@mail.com	0	1	test_password_218
test_userid_219	test_username_219	test_userphone_219	userid_219@mail.com	0	1	test_password_219
test_userid_220	test_username_220	test_userphone_220	userid_220@mail.com	0	1	test_password_220
test_userid_222	test_username_222	test_userphone_222	userid_222@mail.com	0	1	test_password_222
test_userid_223	test_username_223	test_userphone_223	userid_223@mail.com	0	1	test_password_223
test_userid_224	test_username_224	test_userphone_224	userid_224@mail.com	0	1	test_password_224
test_userid_225	test_username_225	test_userphone_225	userid_225@mail.com	0	1	test_password_225
test_userid_226	test_username_226	test_userphone_226	userid_226@mail.com	0	1	test_password_226
test_userid_227	test_username_227	test_userphone_227	userid_227@mail.com	0	1	test_password_227
test_userid_228	test_username_228	test_userphone_228	userid_228@mail.com	0	1	test_password_228
test_userid_229	test_username_229	test_userphone_229	userid_229@mail.com	0	1	test_password_229
test_userid_230	test_username_230	test_userphone_230	userid_230@mail.com	0	1	test_password_230
test_userid_231	test_username_231	test_userphone_231	userid_231@mail.com	0	1	test_password_231
test_userid_232	test_username_232	test_userphone_232	userid_232@mail.com	0	1	test_password_232
test_userid_233	test_username_233	test_userphone_233	userid_233@mail.com	0	1	test_password_233
test_userid_234	test_username_234	test_userphone_234	userid_234@mail.com	0	1	test_password_234
test_userid_235	test_username_235	test_userphone_235	userid_235@mail.com	0	1	test_password_235
test_userid_236	test_username_236	test_userphone_236	userid_236@mail.com	0	1	test_password_236
test_userid_237	test_username_237	test_userphone_237	userid_237@mail.com	0	1	test_password_237
test_userid_238	test_username_238	test_userphone_238	userid_238@mail.com	0	1	test_password_238
test_userid_239	test_username_239	test_userphone_239	userid_239@mail.com	0	1	test_password_239
test_userid_240	test_username_240	test_userphone_240	userid_240@mail.com	0	1	test_password_240
test_userid_241	test_username_241	test_userphone_241	userid_241@mail.com	0	1	test_password_241
test_userid_242	test_username_242	test_userphone_242	userid_242@mail.com	0	1	test_password_242
test_userid_243	test_username_243	test_userphone_243	userid_243@mail.com	0	1	test_password_243
test_userid_244	test_username_244	test_userphone_244	userid_244@mail.com	0	1	test_password_244
test_userid_245	test_username_245	test_userphone_245	userid_245@mail.com	0	1	test_password_245
test_userid_246	test_username_246	test_userphone_246	userid_246@mail.com	0	1	test_password_246
test_userid_247	test_username_247	test_userphone_247	userid_247@mail.com	0	1	test_password_247
test_userid_248	test_username_248	test_userphone_248	userid_248@mail.com	0	1	test_password_248
test_userid_249	test_username_249	test_userphone_249	userid_249@mail.com	0	1	test_password_249
test_userid_250	test_username_250	test_userphone_250	userid_250@mail.com	0	1	test_password_250
test_userid_251	test_username_251	test_userphone_251	userid_251@mail.com	0	1	test_password_251
test_userid_252	test_username_252	test_userphone_252	userid_252@mail.com	0	1	test_password_252
test_userid_253	test_username_253	test_userphone_253	userid_253@mail.com	0	1	test_password_253
test_userid_254	test_username_254	test_userphone_254	userid_254@mail.com	0	1	test_password_254
test_userid_255	test_username_255	test_userphone_255	userid_255@mail.com	0	1	test_password_255
test_userid_257	test_username_257	test_userphone_257	userid_257@mail.com	0	1	test_password_257
test_userid_258	test_username_258	test_userphone_258	userid_258@mail.com	0	1	test_password_258
test_userid_259	test_username_259	test_userphone_259	userid_259@mail.com	0	1	test_password_259
test_userid_260	test_username_260	test_userphone_260	userid_260@mail.com	0	1	test_password_260
test_userid_261	test_username_261	test_userphone_261	userid_261@mail.com	0	1	test_password_261
test_userid_262	test_username_262	test_userphone_262	userid_262@mail.com	0	1	test_password_262
test_userid_263	test_username_263	test_userphone_263	userid_263@mail.com	0	1	test_password_263
test_userid_264	test_username_264	test_userphone_264	userid_264@mail.com	0	1	test_password_264
test_userid_265	test_username_265	test_userphone_265	userid_265@mail.com	0	1	test_password_265
test_userid_267	test_username_267	test_userphone_267	userid_267@mail.com	0	1	test_password_267
test_userid_268	test_username_268	test_userphone_268	userid_268@mail.com	0	1	test_password_268
test_userid_269	test_username_269	test_userphone_269	userid_269@mail.com	0	1	test_password_269
test_userid_270	test_username_270	test_userphone_270	userid_270@mail.com	0	1	test_password_270
test_userid_271	test_username_271	test_userphone_271	userid_271@mail.com	0	1	test_password_271
test_userid_272	test_username_272	test_userphone_272	userid_272@mail.com	0	1	test_password_272
test_userid_273	test_username_273	test_userphone_273	userid_273@mail.com	0	1	test_password_273
test_userid_274	test_username_274	test_userphone_274	userid_274@mail.com	0	1	test_password_274
test_userid_275	test_username_275	test_userphone_275	userid_275@mail.com	0	1	test_password_275
test_userid_276	test_username_276	test_userphone_276	userid_276@mail.com	0	1	test_password_276
test_userid_277	test_username_277	test_userphone_277	userid_277@mail.com	0	1	test_password_277
test_userid_278	test_username_278	test_userphone_278	userid_278@mail.com	0	1	test_password_278
test_userid_280	test_username_280	test_userphone_280	userid_280@mail.com	0	1	test_password_280
test_userid_281	test_username_281	test_userphone_281	userid_281@mail.com	0	1	test_password_281
test_userid_282	test_username_282	test_userphone_282	userid_282@mail.com	0	1	test_password_282
test_userid_283	test_username_283	test_userphone_283	userid_283@mail.com	0	1	test_password_283
test_userid_284	test_username_284	test_userphone_284	userid_284@mail.com	0	1	test_password_284
test_userid_285	test_username_285	test_userphone_285	userid_285@mail.com	0	1	test_password_285
test_userid_286	test_username_286	test_userphone_286	userid_286@mail.com	0	1	test_password_286
test_userid_287	test_username_287	test_userphone_287	userid_287@mail.com	0	1	test_password_287
test_userid_288	test_username_288	test_userphone_288	userid_288@mail.com	0	1	test_password_288
test_userid_289	test_username_289	test_userphone_289	userid_289@mail.com	0	1	test_password_289
test_userid_290	test_username_290	test_userphone_290	userid_290@mail.com	0	1	test_password_290
test_userid_291	test_username_291	test_userphone_291	userid_291@mail.com	0	1	test_password_291
test_userid_292	test_username_292	test_userphone_292	userid_292@mail.com	0	1	test_password_292
test_userid_293	test_username_293	test_userphone_293	userid_293@mail.com	0	1	test_password_293
test_userid_294	test_username_294	test_userphone_294	userid_294@mail.com	0	1	test_password_294
test_userid_295	test_username_295	test_userphone_295	userid_295@mail.com	0	1	test_password_295
test_userid_296	test_username_296	test_userphone_296	userid_296@mail.com	0	1	test_password_296
test_userid_297	test_username_297	test_userphone_297	userid_297@mail.com	0	1	test_password_297
test_userid_298	test_username_298	test_userphone_298	userid_298@mail.com	0	1	test_password_298
test_userid_299	test_username_299	test_userphone_299	userid_299@mail.com	0	1	test_password_299
test_userid_300	test_username_300	test_userphone_300	userid_300@mail.com	0	1	test_password_300
test_userid_301	test_username_301	test_userphone_301	userid_301@mail.com	0	1	test_password_301
test_userid_302	test_username_302	test_userphone_302	userid_302@mail.com	0	1	test_password_302
test_userid_303	test_username_303	test_userphone_303	userid_303@mail.com	0	1	test_password_303
test_userid_304	test_username_304	test_userphone_304	userid_304@mail.com	0	1	test_password_304
test_userid_305	test_username_305	test_userphone_305	userid_305@mail.com	0	1	test_password_305
test_userid_306	test_username_306	test_userphone_306	userid_306@mail.com	0	1	test_password_306
test_userid_307	test_username_307	test_userphone_307	userid_307@mail.com	0	1	test_password_307
test_userid_308	test_username_308	test_userphone_308	userid_308@mail.com	0	1	test_password_308
test_userid_309	test_username_309	test_userphone_309	userid_309@mail.com	0	1	test_password_309
test_userid_310	test_username_310	test_userphone_310	userid_310@mail.com	0	1	test_password_310
test_userid_311	test_username_311	test_userphone_311	userid_311@mail.com	0	1	test_password_311
test_userid_312	test_username_312	test_userphone_312	userid_312@mail.com	0	1	test_password_312
test_userid_313	test_username_313	test_userphone_313	userid_313@mail.com	0	1	test_password_313
test_userid_315	test_username_315	test_userphone_315	userid_315@mail.com	0	1	test_password_315
test_userid_316	test_username_316	test_userphone_316	userid_316@mail.com	0	1	test_password_316
test_userid_317	test_username_317	test_userphone_317	userid_317@mail.com	0	1	test_password_317
test_userid_318	test_username_318	test_userphone_318	userid_318@mail.com	0	1	test_password_318
test_userid_319	test_username_319	test_userphone_319	userid_319@mail.com	0	1	test_password_319
test_userid_320	test_username_320	test_userphone_320	userid_320@mail.com	0	1	test_password_320
test_userid_321	test_username_321	test_userphone_321	userid_321@mail.com	0	1	test_password_321
test_userid_322	test_username_322	test_userphone_322	userid_322@mail.com	0	1	test_password_322
test_userid_323	test_username_323	test_userphone_323	userid_323@mail.com	0	1	test_password_323
test_userid_325	test_username_325	test_userphone_325	userid_325@mail.com	0	1	test_password_325
test_userid_326	test_username_326	test_userphone_326	userid_326@mail.com	0	1	test_password_326
test_userid_327	test_username_327	test_userphone_327	userid_327@mail.com	0	1	test_password_327
test_userid_328	test_username_328	test_userphone_328	userid_328@mail.com	0	1	test_password_328
test_userid_329	test_username_329	test_userphone_329	userid_329@mail.com	0	1	test_password_329
test_userid_330	test_username_330	test_userphone_330	userid_330@mail.com	0	1	test_password_330
test_userid_331	test_username_331	test_userphone_331	userid_331@mail.com	0	1	test_password_331
test_userid_332	test_username_332	test_userphone_332	userid_332@mail.com	0	1	test_password_332
test_userid_333	test_username_333	test_userphone_333	userid_333@mail.com	0	1	test_password_333
test_userid_334	test_username_334	test_userphone_334	userid_334@mail.com	0	1	test_password_334
test_userid_335	test_username_335	test_userphone_335	userid_335@mail.com	0	1	test_password_335
test_userid_336	test_username_336	test_userphone_336	userid_336@mail.com	0	1	test_password_336
test_userid_338	test_username_338	test_userphone_338	userid_338@mail.com	0	1	test_password_338
test_userid_339	test_username_339	test_userphone_339	userid_339@mail.com	0	1	test_password_339
test_userid_340	test_username_340	test_userphone_340	userid_340@mail.com	0	1	test_password_340
test_userid_341	test_username_341	test_userphone_341	userid_341@mail.com	0	1	test_password_341
test_userid_342	test_username_342	test_userphone_342	userid_342@mail.com	0	1	test_password_342
test_userid_343	test_username_343	test_userphone_343	userid_343@mail.com	0	1	test_password_343
test_userid_344	test_username_344	test_userphone_344	userid_344@mail.com	0	1	test_password_344
test_userid_345	test_username_345	test_userphone_345	userid_345@mail.com	0	1	test_password_345
test_userid_346	test_username_346	test_userphone_346	userid_346@mail.com	0	1	test_password_346
test_userid_347	test_username_347	test_userphone_347	userid_347@mail.com	0	1	test_password_347
test_userid_348	test_username_348	test_userphone_348	userid_348@mail.com	0	1	test_password_348
test_userid_349	test_username_349	test_userphone_349	userid_349@mail.com	0	1	test_password_349
test_userid_350	test_username_350	test_userphone_350	userid_350@mail.com	0	1	test_password_350
test_userid_351	test_username_351	test_userphone_351	userid_351@mail.com	0	1	test_password_351
test_userid_352	test_username_352	test_userphone_352	userid_352@mail.com	0	1	test_password_352
test_userid_353	test_username_353	test_userphone_353	userid_353@mail.com	0	1	test_password_353
test_userid_354	test_username_354	test_userphone_354	userid_354@mail.com	0	1	test_password_354
test_userid_355	test_username_355	test_userphone_355	userid_355@mail.com	0	1	test_password_355
test_userid_356	test_username_356	test_userphone_356	userid_356@mail.com	0	1	test_password_356
test_userid_357	test_username_357	test_userphone_357	userid_357@mail.com	0	1	test_password_357
test_userid_358	test_username_358	test_userphone_358	userid_358@mail.com	0	1	test_password_358
test_userid_359	test_username_359	test_userphone_359	userid_359@mail.com	0	1	test_password_359
test_userid_360	test_username_360	test_userphone_360	userid_360@mail.com	0	1	test_password_360
test_userid_361	test_username_361	test_userphone_361	userid_361@mail.com	0	1	test_password_361
test_userid_362	test_username_362	test_userphone_362	userid_362@mail.com	0	1	test_password_362
test_userid_363	test_username_363	test_userphone_363	userid_363@mail.com	0	1	test_password_363
test_userid_364	test_username_364	test_userphone_364	userid_364@mail.com	0	1	test_password_364
test_userid_365	test_username_365	test_userphone_365	userid_365@mail.com	0	1	test_password_365
test_userid_366	test_username_366	test_userphone_366	userid_366@mail.com	0	1	test_password_366
test_userid_367	test_username_367	test_userphone_367	userid_367@mail.com	0	1	test_password_367
test_userid_368	test_username_368	test_userphone_368	userid_368@mail.com	0	1	test_password_368
test_userid_369	test_username_369	test_userphone_369	userid_369@mail.com	0	1	test_password_369
test_userid_370	test_username_370	test_userphone_370	userid_370@mail.com	0	1	test_password_370
test_userid_371	test_username_371	test_userphone_371	userid_371@mail.com	0	1	test_password_371
test_userid_373	test_username_373	test_userphone_373	userid_373@mail.com	0	1	test_password_373
test_userid_374	test_username_374	test_userphone_374	userid_374@mail.com	0	1	test_password_374
test_userid_375	test_username_375	test_userphone_375	userid_375@mail.com	0	1	test_password_375
test_userid_376	test_username_376	test_userphone_376	userid_376@mail.com	0	1	test_password_376
test_userid_377	test_username_377	test_userphone_377	userid_377@mail.com	0	1	test_password_377
test_userid_378	test_username_378	test_userphone_378	userid_378@mail.com	0	1	test_password_378
test_userid_379	test_username_379	test_userphone_379	userid_379@mail.com	0	1	test_password_379
test_userid_380	test_username_380	test_userphone_380	userid_380@mail.com	0	1	test_password_380
test_userid_381	test_username_381	test_userphone_381	userid_381@mail.com	0	1	test_password_381
test_userid_383	test_username_383	test_userphone_383	userid_383@mail.com	0	1	test_password_383
test_userid_384	test_username_384	test_userphone_384	userid_384@mail.com	0	1	test_password_384
test_userid_385	test_username_385	test_userphone_385	userid_385@mail.com	0	1	test_password_385
test_userid_386	test_username_386	test_userphone_386	userid_386@mail.com	0	1	test_password_386
test_userid_387	test_username_387	test_userphone_387	userid_387@mail.com	0	1	test_password_387
test_userid_388	test_username_388	test_userphone_388	userid_388@mail.com	0	1	test_password_388
test_userid_389	test_username_389	test_userphone_389	userid_389@mail.com	0	1	test_password_389
test_userid_390	test_username_390	test_userphone_390	userid_390@mail.com	0	1	test_password_390
test_userid_391	test_username_391	test_userphone_391	userid_391@mail.com	0	1	test_password_391
test_userid_392	test_username_392	test_userphone_392	userid_392@mail.com	0	1	test_password_392
test_userid_393	test_username_393	test_userphone_393	userid_393@mail.com	0	1	test_password_393
test_userid_394	test_username_394	test_userphone_394	userid_394@mail.com	0	1	test_password_394
test_userid_396	test_username_396	test_userphone_396	userid_396@mail.com	0	1	test_password_396
test_userid_397	test_username_397	test_userphone_397	userid_397@mail.com	0	1	test_password_397
test_userid_398	test_username_398	test_userphone_398	userid_398@mail.com	0	1	test_password_398
test_userid_399	test_username_399	test_userphone_399	userid_399@mail.com	0	1	test_password_399
test_userid_400	test_username_400	test_userphone_400	userid_400@mail.com	0	2	test_password_400
test_userid_401	test_username_401	test_userphone_401	userid_401@mail.com	0	2	test_password_401
test_userid_402	test_username_402	test_userphone_402	userid_402@mail.com	0	2	test_password_402
test_userid_403	test_username_403	test_userphone_403	userid_403@mail.com	0	2	test_password_403
test_userid_404	test_username_404	test_userphone_404	userid_404@mail.com	0	2	test_password_404
test_userid_405	test_username_405	test_userphone_405	userid_405@mail.com	0	2	test_password_405
test_userid_406	test_username_406	test_userphone_406	userid_406@mail.com	0	2	test_password_406
test_userid_407	test_username_407	test_userphone_407	userid_407@mail.com	0	2	test_password_407
test_userid_408	test_username_408	test_userphone_408	userid_408@mail.com	0	2	test_password_408
test_userid_409	test_username_409	test_userphone_409	userid_409@mail.com	0	2	test_password_409
test_userid_410	test_username_410	test_userphone_410	userid_410@mail.com	0	2	test_password_410
test_userid_411	test_username_411	test_userphone_411	userid_411@mail.com	0	2	test_password_411
test_userid_412	test_username_412	test_userphone_412	userid_412@mail.com	0	2	test_password_412
test_userid_413	test_username_413	test_userphone_413	userid_413@mail.com	0	2	test_password_413
test_userid_414	test_username_414	test_userphone_414	userid_414@mail.com	0	2	test_password_414
test_userid_415	test_username_415	test_userphone_415	userid_415@mail.com	0	2	test_password_415
test_userid_416	test_username_416	test_userphone_416	userid_416@mail.com	0	2	test_password_416
test_userid_417	test_username_417	test_userphone_417	userid_417@mail.com	0	2	test_password_417
test_userid_418	test_username_418	test_userphone_418	userid_418@mail.com	0	2	test_password_418
test_userid_419	test_username_419	test_userphone_419	userid_419@mail.com	0	2	test_password_419
test_userid_420	test_username_420	test_userphone_420	userid_420@mail.com	0	2	test_password_420
test_userid_421	test_username_421	test_userphone_421	userid_421@mail.com	0	2	test_password_421
test_userid_422	test_username_422	test_userphone_422	userid_422@mail.com	0	2	test_password_422
test_userid_423	test_username_423	test_userphone_423	userid_423@mail.com	0	2	test_password_423
test_userid_424	test_username_424	test_userphone_424	userid_424@mail.com	0	2	test_password_424
test_userid_425	test_username_425	test_userphone_425	userid_425@mail.com	0	2	test_password_425
test_userid_426	test_username_426	test_userphone_426	userid_426@mail.com	0	2	test_password_426
test_userid_427	test_username_427	test_userphone_427	userid_427@mail.com	0	2	test_password_427
test_userid_428	test_username_428	test_userphone_428	userid_428@mail.com	0	2	test_password_428
test_userid_429	test_username_429	test_userphone_429	userid_429@mail.com	0	2	test_password_429
test_userid_431	test_username_431	test_userphone_431	userid_431@mail.com	0	2	test_password_431
test_userid_432	test_username_432	test_userphone_432	userid_432@mail.com	0	2	test_password_432
test_userid_433	test_username_433	test_userphone_433	userid_433@mail.com	0	2	test_password_433
test_userid_434	test_username_434	test_userphone_434	userid_434@mail.com	0	2	test_password_434
test_userid_435	test_username_435	test_userphone_435	userid_435@mail.com	0	2	test_password_435
test_userid_436	test_username_436	test_userphone_436	userid_436@mail.com	0	2	test_password_436
test_userid_437	test_username_437	test_userphone_437	userid_437@mail.com	0	2	test_password_437
test_userid_438	test_username_438	test_userphone_438	userid_438@mail.com	0	2	test_password_438
test_userid_439	test_username_439	test_userphone_439	userid_439@mail.com	0	2	test_password_439
test_userid_441	test_username_441	test_userphone_441	userid_441@mail.com	0	2	test_password_441
test_userid_442	test_username_442	test_userphone_442	userid_442@mail.com	0	2	test_password_442
test_userid_443	test_username_443	test_userphone_443	userid_443@mail.com	0	2	test_password_443
test_userid_444	test_username_444	test_userphone_444	userid_444@mail.com	0	2	test_password_444
test_userid_445	test_username_445	test_userphone_445	userid_445@mail.com	0	2	test_password_445
test_userid_446	test_username_446	test_userphone_446	userid_446@mail.com	0	2	test_password_446
test_userid_447	test_username_447	test_userphone_447	userid_447@mail.com	0	2	test_password_447
test_userid_448	test_username_448	test_userphone_448	userid_448@mail.com	0	2	test_password_448
test_userid_449	test_username_449	test_userphone_449	userid_449@mail.com	0	2	test_password_449
test_userid_450	test_username_450	test_userphone_450	userid_450@mail.com	0	2	test_password_450
test_userid_451	test_username_451	test_userphone_451	userid_451@mail.com	0	2	test_password_451
test_userid_452	test_username_452	test_userphone_452	userid_452@mail.com	0	2	test_password_452
test_userid_454	test_username_454	test_userphone_454	userid_454@mail.com	0	2	test_password_454
test_userid_455	test_username_455	test_userphone_455	userid_455@mail.com	0	2	test_password_455
test_userid_456	test_username_456	test_userphone_456	userid_456@mail.com	0	2	test_password_456
test_userid_457	test_username_457	test_userphone_457	userid_457@mail.com	0	2	test_password_457
test_userid_458	test_username_458	test_userphone_458	userid_458@mail.com	0	2	test_password_458
test_userid_459	test_username_459	test_userphone_459	userid_459@mail.com	0	2	test_password_459
test_userid_460	test_username_460	test_userphone_460	userid_460@mail.com	0	2	test_password_460
test_userid_461	test_username_461	test_userphone_461	userid_461@mail.com	0	2	test_password_461
test_userid_462	test_username_462	test_userphone_462	userid_462@mail.com	0	2	test_password_462
test_userid_463	test_username_463	test_userphone_463	userid_463@mail.com	0	2	test_password_463
test_userid_464	test_username_464	test_userphone_464	userid_464@mail.com	0	2	test_password_464
test_userid_465	test_username_465	test_userphone_465	userid_465@mail.com	0	2	test_password_465
test_userid_466	test_username_466	test_userphone_466	userid_466@mail.com	0	2	test_password_466
test_userid_467	test_username_467	test_userphone_467	userid_467@mail.com	0	2	test_password_467
test_userid_468	test_username_468	test_userphone_468	userid_468@mail.com	0	2	test_password_468
test_userid_469	test_username_469	test_userphone_469	userid_469@mail.com	0	2	test_password_469
test_userid_470	test_username_470	test_userphone_470	userid_470@mail.com	0	2	test_password_470
test_userid_471	test_username_471	test_userphone_471	userid_471@mail.com	0	2	test_password_471
test_userid_472	test_username_472	test_userphone_472	userid_472@mail.com	0	2	test_password_472
test_userid_473	test_username_473	test_userphone_473	userid_473@mail.com	0	2	test_password_473
test_userid_474	test_username_474	test_userphone_474	userid_474@mail.com	0	2	test_password_474
test_userid_475	test_username_475	test_userphone_475	userid_475@mail.com	0	2	test_password_475
test_userid_476	test_username_476	test_userphone_476	userid_476@mail.com	0	2	test_password_476
test_userid_477	test_username_477	test_userphone_477	userid_477@mail.com	0	2	test_password_477
test_userid_478	test_username_478	test_userphone_478	userid_478@mail.com	0	2	test_password_478
test_userid_479	test_username_479	test_userphone_479	userid_479@mail.com	0	2	test_password_479
test_userid_480	test_username_480	test_userphone_480	userid_480@mail.com	0	2	test_password_480
test_userid_481	test_username_481	test_userphone_481	userid_481@mail.com	0	2	test_password_481
test_userid_482	test_username_482	test_userphone_482	userid_482@mail.com	0	2	test_password_482
test_userid_483	test_username_483	test_userphone_483	userid_483@mail.com	0	2	test_password_483
test_userid_484	test_username_484	test_userphone_484	userid_484@mail.com	0	2	test_password_484
test_userid_485	test_username_485	test_userphone_485	userid_485@mail.com	0	2	test_password_485
test_userid_486	test_username_486	test_userphone_486	userid_486@mail.com	0	2	test_password_486
test_userid_487	test_username_487	test_userphone_487	userid_487@mail.com	0	2	test_password_487
test_userid_489	test_username_489	test_userphone_489	userid_489@mail.com	0	2	test_password_489
test_userid_490	test_username_490	test_userphone_490	userid_490@mail.com	0	2	test_password_490
test_userid_491	test_username_491	test_userphone_491	userid_491@mail.com	0	2	test_password_491
test_userid_492	test_username_492	test_userphone_492	userid_492@mail.com	0	2	test_password_492
test_userid_493	test_username_493	test_userphone_493	userid_493@mail.com	0	2	test_password_493
test_userid_494	test_username_494	test_userphone_494	userid_494@mail.com	0	2	test_password_494
test_userid_495	test_username_495	test_userphone_495	userid_495@mail.com	0	2	test_password_495
test_userid_496	test_username_496	test_userphone_496	userid_496@mail.com	0	2	test_password_496
test_userid_497	test_username_497	test_userphone_497	userid_497@mail.com	0	2	test_password_497
test_userid_499	test_username_499	test_userphone_499	userid_499@mail.com	0	2	test_password_499
test_userid_500	test_username_500	test_userphone_500	userid_500@mail.com	0	2	test_password_500
test_userid_501	test_username_501	test_userphone_501	userid_501@mail.com	0	2	test_password_501
test_userid_502	test_username_502	test_userphone_502	userid_502@mail.com	0	2	test_password_502
test_userid_503	test_username_503	test_userphone_503	userid_503@mail.com	0	2	test_password_503
test_userid_504	test_username_504	test_userphone_504	userid_504@mail.com	0	2	test_password_504
test_userid_505	test_username_505	test_userphone_505	userid_505@mail.com	0	2	test_password_505
test_userid_506	test_username_506	test_userphone_506	userid_506@mail.com	0	2	test_password_506
test_userid_507	test_username_507	test_userphone_507	userid_507@mail.com	0	2	test_password_507
test_userid_508	test_username_508	test_userphone_508	userid_508@mail.com	0	2	test_password_508
test_userid_509	test_username_509	test_userphone_509	userid_509@mail.com	0	2	test_password_509
test_userid_510	test_username_510	test_userphone_510	userid_510@mail.com	0	2	test_password_510
test_userid_512	test_username_512	test_userphone_512	userid_512@mail.com	0	2	test_password_512
test_userid_513	test_username_513	test_userphone_513	userid_513@mail.com	0	2	test_password_513
test_userid_514	test_username_514	test_userphone_514	userid_514@mail.com	0	2	test_password_514
test_userid_515	test_username_515	test_userphone_515	userid_515@mail.com	0	2	test_password_515
test_userid_516	test_username_516	test_userphone_516	userid_516@mail.com	0	2	test_password_516
test_userid_517	test_username_517	test_userphone_517	userid_517@mail.com	0	2	test_password_517
test_userid_518	test_username_518	test_userphone_518	userid_518@mail.com	0	2	test_password_518
test_userid_519	test_username_519	test_userphone_519	userid_519@mail.com	0	2	test_password_519
test_userid_520	test_username_520	test_userphone_520	userid_520@mail.com	0	2	test_password_520
test_userid_521	test_username_521	test_userphone_521	userid_521@mail.com	0	2	test_password_521
test_userid_522	test_username_522	test_userphone_522	userid_522@mail.com	0	2	test_password_522
test_userid_523	test_username_523	test_userphone_523	userid_523@mail.com	0	2	test_password_523
test_userid_524	test_username_524	test_userphone_524	userid_524@mail.com	0	2	test_password_524
test_userid_525	test_username_525	test_userphone_525	userid_525@mail.com	0	2	test_password_525
test_userid_526	test_username_526	test_userphone_526	userid_526@mail.com	0	2	test_password_526
test_userid_527	test_username_527	test_userphone_527	userid_527@mail.com	0	2	test_password_527
test_userid_528	test_username_528	test_userphone_528	userid_528@mail.com	0	2	test_password_528
test_userid_529	test_username_529	test_userphone_529	userid_529@mail.com	0	2	test_password_529
test_userid_530	test_username_530	test_userphone_530	userid_530@mail.com	0	2	test_password_530
test_userid_531	test_username_531	test_userphone_531	userid_531@mail.com	0	2	test_password_531
test_userid_532	test_username_532	test_userphone_532	userid_532@mail.com	0	2	test_password_532
test_userid_533	test_username_533	test_userphone_533	userid_533@mail.com	0	2	test_password_533
test_userid_534	test_username_534	test_userphone_534	userid_534@mail.com	0	2	test_password_534
test_userid_535	test_username_535	test_userphone_535	userid_535@mail.com	0	2	test_password_535
test_userid_536	test_username_536	test_userphone_536	userid_536@mail.com	0	2	test_password_536
test_userid_537	test_username_537	test_userphone_537	userid_537@mail.com	0	2	test_password_537
test_userid_538	test_username_538	test_userphone_538	userid_538@mail.com	0	2	test_password_538
test_userid_539	test_username_539	test_userphone_539	userid_539@mail.com	0	2	test_password_539
test_userid_540	test_username_540	test_userphone_540	userid_540@mail.com	0	2	test_password_540
test_userid_541	test_username_541	test_userphone_541	userid_541@mail.com	0	2	test_password_541
test_userid_542	test_username_542	test_userphone_542	userid_542@mail.com	0	2	test_password_542
test_userid_543	test_username_543	test_userphone_543	userid_543@mail.com	0	2	test_password_543
test_userid_544	test_username_544	test_userphone_544	userid_544@mail.com	0	2	test_password_544
test_userid_545	test_username_545	test_userphone_545	userid_545@mail.com	0	2	test_password_545
test_userid_547	test_username_547	test_userphone_547	userid_547@mail.com	0	2	test_password_547
test_userid_548	test_username_548	test_userphone_548	userid_548@mail.com	0	2	test_password_548
test_userid_549	test_username_549	test_userphone_549	userid_549@mail.com	0	2	test_password_549
test_userid_550	test_username_550	test_userphone_550	userid_550@mail.com	0	2	test_password_550
test_userid_551	test_username_551	test_userphone_551	userid_551@mail.com	0	2	test_password_551
test_userid_552	test_username_552	test_userphone_552	userid_552@mail.com	0	2	test_password_552
test_userid_553	test_username_553	test_userphone_553	userid_553@mail.com	0	2	test_password_553
test_userid_554	test_username_554	test_userphone_554	userid_554@mail.com	0	2	test_password_554
test_userid_555	test_username_555	test_userphone_555	userid_555@mail.com	0	2	test_password_555
test_userid_557	test_username_557	test_userphone_557	userid_557@mail.com	0	2	test_password_557
test_userid_558	test_username_558	test_userphone_558	userid_558@mail.com	0	2	test_password_558
test_userid_559	test_username_559	test_userphone_559	userid_559@mail.com	0	2	test_password_559
test_userid_560	test_username_560	test_userphone_560	userid_560@mail.com	0	2	test_password_560
test_userid_561	test_username_561	test_userphone_561	userid_561@mail.com	0	2	test_password_561
test_userid_562	test_username_562	test_userphone_562	userid_562@mail.com	0	2	test_password_562
test_userid_563	test_username_563	test_userphone_563	userid_563@mail.com	0	2	test_password_563
test_userid_564	test_username_564	test_userphone_564	userid_564@mail.com	0	2	test_password_564
test_userid_565	test_username_565	test_userphone_565	userid_565@mail.com	0	2	test_password_565
test_userid_566	test_username_566	test_userphone_566	userid_566@mail.com	0	2	test_password_566
test_userid_567	test_username_567	test_userphone_567	userid_567@mail.com	0	2	test_password_567
test_userid_568	test_username_568	test_userphone_568	userid_568@mail.com	0	2	test_password_568
test_userid_570	test_username_570	test_userphone_570	userid_570@mail.com	0	2	test_password_570
test_userid_571	test_username_571	test_userphone_571	userid_571@mail.com	0	2	test_password_571
test_userid_572	test_username_572	test_userphone_572	userid_572@mail.com	0	2	test_password_572
test_userid_573	test_username_573	test_userphone_573	userid_573@mail.com	0	2	test_password_573
test_userid_574	test_username_574	test_userphone_574	userid_574@mail.com	0	2	test_password_574
test_userid_575	test_username_575	test_userphone_575	userid_575@mail.com	0	2	test_password_575
test_userid_576	test_username_576	test_userphone_576	userid_576@mail.com	0	2	test_password_576
test_userid_577	test_username_577	test_userphone_577	userid_577@mail.com	0	2	test_password_577
test_userid_578	test_username_578	test_userphone_578	userid_578@mail.com	0	2	test_password_578
test_userid_579	test_username_579	test_userphone_579	userid_579@mail.com	0	2	test_password_579
test_userid_580	test_username_580	test_userphone_580	userid_580@mail.com	0	2	test_password_580
test_userid_581	test_username_581	test_userphone_581	userid_581@mail.com	0	2	test_password_581
test_userid_582	test_username_582	test_userphone_582	userid_582@mail.com	0	2	test_password_582
test_userid_583	test_username_583	test_userphone_583	userid_583@mail.com	0	2	test_password_583
test_userid_584	test_username_584	test_userphone_584	userid_584@mail.com	0	2	test_password_584
test_userid_585	test_username_585	test_userphone_585	userid_585@mail.com	0	2	test_password_585
test_userid_586	test_username_586	test_userphone_586	userid_586@mail.com	0	2	test_password_586
test_userid_587	test_username_587	test_userphone_587	userid_587@mail.com	0	2	test_password_587
test_userid_588	test_username_588	test_userphone_588	userid_588@mail.com	0	2	test_password_588
test_userid_589	test_username_589	test_userphone_589	userid_589@mail.com	0	2	test_password_589
test_userid_590	test_username_590	test_userphone_590	userid_590@mail.com	0	2	test_password_590
test_userid_591	test_username_591	test_userphone_591	userid_591@mail.com	0	2	test_password_591
test_userid_592	test_username_592	test_userphone_592	userid_592@mail.com	0	2	test_password_592
test_userid_593	test_username_593	test_userphone_593	userid_593@mail.com	0	2	test_password_593
test_userid_594	test_username_594	test_userphone_594	userid_594@mail.com	0	2	test_password_594
test_userid_595	test_username_595	test_userphone_595	userid_595@mail.com	0	2	test_password_595
test_userid_596	test_username_596	test_userphone_596	userid_596@mail.com	0	2	test_password_596
test_userid_597	test_username_597	test_userphone_597	userid_597@mail.com	0	2	test_password_597
test_userid_598	test_username_598	test_userphone_598	userid_598@mail.com	0	2	test_password_598
test_userid_599	test_username_599	test_userphone_599	userid_599@mail.com	0	2	test_password_599
test_userid_600	test_username_600	test_userphone_600	userid_600@mail.com	0	3	test_password_600
test_userid_601	test_username_601	test_userphone_601	userid_601@mail.com	0	3	test_password_601
test_userid_602	test_username_602	test_userphone_602	userid_602@mail.com	0	3	test_password_602
test_userid_603	test_username_603	test_userphone_603	userid_603@mail.com	0	3	test_password_603
test_userid_605	test_username_605	test_userphone_605	userid_605@mail.com	0	3	test_password_605
test_userid_606	test_username_606	test_userphone_606	userid_606@mail.com	0	3	test_password_606
test_userid_607	test_username_607	test_userphone_607	userid_607@mail.com	0	3	test_password_607
test_userid_608	test_username_608	test_userphone_608	userid_608@mail.com	0	3	test_password_608
test_userid_609	test_username_609	test_userphone_609	userid_609@mail.com	0	3	test_password_609
test_userid_610	test_username_610	test_userphone_610	userid_610@mail.com	0	3	test_password_610
test_userid_611	test_username_611	test_userphone_611	userid_611@mail.com	0	3	test_password_611
test_userid_612	test_username_612	test_userphone_612	userid_612@mail.com	0	3	test_password_612
test_userid_613	test_username_613	test_userphone_613	userid_613@mail.com	0	3	test_password_613
test_userid_615	test_username_615	test_userphone_615	userid_615@mail.com	0	3	test_password_615
test_userid_616	test_username_616	test_userphone_616	userid_616@mail.com	0	3	test_password_616
test_userid_617	test_username_617	test_userphone_617	userid_617@mail.com	0	3	test_password_617
test_userid_618	test_username_618	test_userphone_618	userid_618@mail.com	0	3	test_password_618
test_userid_619	test_username_619	test_userphone_619	userid_619@mail.com	0	3	test_password_619
test_userid_620	test_username_620	test_userphone_620	userid_620@mail.com	0	3	test_password_620
test_userid_621	test_username_621	test_userphone_621	userid_621@mail.com	0	3	test_password_621
test_userid_622	test_username_622	test_userphone_622	userid_622@mail.com	0	3	test_password_622
test_userid_623	test_username_623	test_userphone_623	userid_623@mail.com	0	3	test_password_623
test_userid_624	test_username_624	test_userphone_624	userid_624@mail.com	0	3	test_password_624
test_userid_625	test_username_625	test_userphone_625	userid_625@mail.com	0	3	test_password_625
test_userid_626	test_username_626	test_userphone_626	userid_626@mail.com	0	3	test_password_626
test_userid_628	test_username_628	test_userphone_628	userid_628@mail.com	0	3	test_password_628
test_userid_629	test_username_629	test_userphone_629	userid_629@mail.com	0	3	test_password_629
test_userid_630	test_username_630	test_userphone_630	userid_630@mail.com	0	3	test_password_630
test_userid_631	test_username_631	test_userphone_631	userid_631@mail.com	0	3	test_password_631
test_userid_632	test_username_632	test_userphone_632	userid_632@mail.com	0	3	test_password_632
test_userid_633	test_username_633	test_userphone_633	userid_633@mail.com	0	3	test_password_633
test_userid_634	test_username_634	test_userphone_634	userid_634@mail.com	0	3	test_password_634
test_userid_635	test_username_635	test_userphone_635	userid_635@mail.com	0	3	test_password_635
test_userid_636	test_username_636	test_userphone_636	userid_636@mail.com	0	3	test_password_636
test_userid_637	test_username_637	test_userphone_637	userid_637@mail.com	0	3	test_password_637
test_userid_638	test_username_638	test_userphone_638	userid_638@mail.com	0	3	test_password_638
test_userid_639	test_username_639	test_userphone_639	userid_639@mail.com	0	3	test_password_639
test_userid_640	test_username_640	test_userphone_640	userid_640@mail.com	0	3	test_password_640
test_userid_641	test_username_641	test_userphone_641	userid_641@mail.com	0	3	test_password_641
test_userid_642	test_username_642	test_userphone_642	userid_642@mail.com	0	3	test_password_642
test_userid_643	test_username_643	test_userphone_643	userid_643@mail.com	0	3	test_password_643
test_userid_644	test_username_644	test_userphone_644	userid_644@mail.com	0	3	test_password_644
test_userid_645	test_username_645	test_userphone_645	userid_645@mail.com	0	3	test_password_645
test_userid_646	test_username_646	test_userphone_646	userid_646@mail.com	0	3	test_password_646
test_userid_647	test_username_647	test_userphone_647	userid_647@mail.com	0	3	test_password_647
test_userid_648	test_username_648	test_userphone_648	userid_648@mail.com	0	3	test_password_648
test_userid_649	test_username_649	test_userphone_649	userid_649@mail.com	0	3	test_password_649
test_userid_650	test_username_650	test_userphone_650	userid_650@mail.com	0	3	test_password_650
test_userid_651	test_username_651	test_userphone_651	userid_651@mail.com	0	3	test_password_651
test_userid_652	test_username_652	test_userphone_652	userid_652@mail.com	0	3	test_password_652
test_userid_653	test_username_653	test_userphone_653	userid_653@mail.com	0	3	test_password_653
test_userid_654	test_username_654	test_userphone_654	userid_654@mail.com	0	3	test_password_654
test_userid_655	test_username_655	test_userphone_655	userid_655@mail.com	0	3	test_password_655
test_userid_656	test_username_656	test_userphone_656	userid_656@mail.com	0	3	test_password_656
test_userid_657	test_username_657	test_userphone_657	userid_657@mail.com	0	3	test_password_657
test_userid_658	test_username_658	test_userphone_658	userid_658@mail.com	0	3	test_password_658
test_userid_659	test_username_659	test_userphone_659	userid_659@mail.com	0	3	test_password_659
test_userid_660	test_username_660	test_userphone_660	userid_660@mail.com	0	3	test_password_660
test_userid_661	test_username_661	test_userphone_661	userid_661@mail.com	0	3	test_password_661
test_userid_663	test_username_663	test_userphone_663	userid_663@mail.com	0	3	test_password_663
test_userid_664	test_username_664	test_userphone_664	userid_664@mail.com	0	3	test_password_664
test_userid_665	test_username_665	test_userphone_665	userid_665@mail.com	0	3	test_password_665
test_userid_666	test_username_666	test_userphone_666	userid_666@mail.com	0	3	test_password_666
test_userid_667	test_username_667	test_userphone_667	userid_667@mail.com	0	3	test_password_667
test_userid_668	test_username_668	test_userphone_668	userid_668@mail.com	0	3	test_password_668
test_userid_669	test_username_669	test_userphone_669	userid_669@mail.com	0	3	test_password_669
test_userid_670	test_username_670	test_userphone_670	userid_670@mail.com	0	3	test_password_670
test_userid_671	test_username_671	test_userphone_671	userid_671@mail.com	0	3	test_password_671
test_userid_673	test_username_673	test_userphone_673	userid_673@mail.com	0	3	test_password_673
test_userid_674	test_username_674	test_userphone_674	userid_674@mail.com	0	3	test_password_674
test_userid_675	test_username_675	test_userphone_675	userid_675@mail.com	0	3	test_password_675
test_userid_676	test_username_676	test_userphone_676	userid_676@mail.com	0	3	test_password_676
test_userid_677	test_username_677	test_userphone_677	userid_677@mail.com	0	3	test_password_677
test_userid_678	test_username_678	test_userphone_678	userid_678@mail.com	0	3	test_password_678
test_userid_679	test_username_679	test_userphone_679	userid_679@mail.com	0	3	test_password_679
test_userid_680	test_username_680	test_userphone_680	userid_680@mail.com	0	3	test_password_680
test_userid_681	test_username_681	test_userphone_681	userid_681@mail.com	0	3	test_password_681
test_userid_682	test_username_682	test_userphone_682	userid_682@mail.com	0	3	test_password_682
test_userid_683	test_username_683	test_userphone_683	userid_683@mail.com	0	3	test_password_683
test_userid_684	test_username_684	test_userphone_684	userid_684@mail.com	0	3	test_password_684
test_userid_686	test_username_686	test_userphone_686	userid_686@mail.com	0	3	test_password_686
test_userid_687	test_username_687	test_userphone_687	userid_687@mail.com	0	3	test_password_687
test_userid_688	test_username_688	test_userphone_688	userid_688@mail.com	0	3	test_password_688
test_userid_689	test_username_689	test_userphone_689	userid_689@mail.com	0	3	test_password_689
test_userid_690	test_username_690	test_userphone_690	userid_690@mail.com	0	3	test_password_690
test_userid_691	test_username_691	test_userphone_691	userid_691@mail.com	0	3	test_password_691
test_userid_692	test_username_692	test_userphone_692	userid_692@mail.com	0	3	test_password_692
test_userid_693	test_username_693	test_userphone_693	userid_693@mail.com	0	3	test_password_693
test_userid_694	test_username_694	test_userphone_694	userid_694@mail.com	0	3	test_password_694
test_userid_695	test_username_695	test_userphone_695	userid_695@mail.com	0	3	test_password_695
test_userid_696	test_username_696	test_userphone_696	userid_696@mail.com	0	3	test_password_696
test_userid_697	test_username_697	test_userphone_697	userid_697@mail.com	0	3	test_password_697
test_userid_698	test_username_698	test_userphone_698	userid_698@mail.com	0	3	test_password_698
test_userid_699	test_username_699	test_userphone_699	userid_699@mail.com	0	3	test_password_699
test_userid_700	test_username_700	test_userphone_700	userid_700@mail.com	0	3	test_password_700
test_userid_701	test_username_701	test_userphone_701	userid_701@mail.com	0	3	test_password_701
test_userid_702	test_username_702	test_userphone_702	userid_702@mail.com	0	3	test_password_702
test_userid_703	test_username_703	test_userphone_703	userid_703@mail.com	0	3	test_password_703
test_userid_704	test_username_704	test_userphone_704	userid_704@mail.com	0	3	test_password_704
test_userid_705	test_username_705	test_userphone_705	userid_705@mail.com	0	3	test_password_705
test_userid_706	test_username_706	test_userphone_706	userid_706@mail.com	0	3	test_password_706
test_userid_707	test_username_707	test_userphone_707	userid_707@mail.com	0	3	test_password_707
test_userid_708	test_username_708	test_userphone_708	userid_708@mail.com	0	3	test_password_708
test_userid_709	test_username_709	test_userphone_709	userid_709@mail.com	0	3	test_password_709
test_userid_710	test_username_710	test_userphone_710	userid_710@mail.com	0	3	test_password_710
test_userid_711	test_username_711	test_userphone_711	userid_711@mail.com	0	3	test_password_711
test_userid_712	test_username_712	test_userphone_712	userid_712@mail.com	0	3	test_password_712
test_userid_713	test_username_713	test_userphone_713	userid_713@mail.com	0	3	test_password_713
test_userid_714	test_username_714	test_userphone_714	userid_714@mail.com	0	3	test_password_714
test_userid_715	test_username_715	test_userphone_715	userid_715@mail.com	0	3	test_password_715
test_userid_716	test_username_716	test_userphone_716	userid_716@mail.com	0	3	test_password_716
test_userid_717	test_username_717	test_userphone_717	userid_717@mail.com	0	3	test_password_717
test_userid_718	test_username_718	test_userphone_718	userid_718@mail.com	0	3	test_password_718
test_userid_719	test_username_719	test_userphone_719	userid_719@mail.com	0	3	test_password_719
test_userid_721	test_username_721	test_userphone_721	userid_721@mail.com	0	3	test_password_721
test_userid_722	test_username_722	test_userphone_722	userid_722@mail.com	0	3	test_password_722
test_userid_723	test_username_723	test_userphone_723	userid_723@mail.com	0	3	test_password_723
test_userid_724	test_username_724	test_userphone_724	userid_724@mail.com	0	3	test_password_724
test_userid_725	test_username_725	test_userphone_725	userid_725@mail.com	0	3	test_password_725
test_userid_726	test_username_726	test_userphone_726	userid_726@mail.com	0	3	test_password_726
test_userid_727	test_username_727	test_userphone_727	userid_727@mail.com	0	3	test_password_727
test_userid_728	test_username_728	test_userphone_728	userid_728@mail.com	0	3	test_password_728
test_userid_729	test_username_729	test_userphone_729	userid_729@mail.com	0	3	test_password_729
test_userid_731	test_username_731	test_userphone_731	userid_731@mail.com	0	3	test_password_731
test_userid_732	test_username_732	test_userphone_732	userid_732@mail.com	0	3	test_password_732
test_userid_733	test_username_733	test_userphone_733	userid_733@mail.com	0	3	test_password_733
test_userid_734	test_username_734	test_userphone_734	userid_734@mail.com	0	3	test_password_734
test_userid_735	test_username_735	test_userphone_735	userid_735@mail.com	0	3	test_password_735
test_userid_736	test_username_736	test_userphone_736	userid_736@mail.com	0	3	test_password_736
test_userid_737	test_username_737	test_userphone_737	userid_737@mail.com	0	3	test_password_737
test_userid_738	test_username_738	test_userphone_738	userid_738@mail.com	0	3	test_password_738
test_userid_739	test_username_739	test_userphone_739	userid_739@mail.com	0	3	test_password_739
test_userid_740	test_username_740	test_userphone_740	userid_740@mail.com	0	3	test_password_740
test_userid_741	test_username_741	test_userphone_741	userid_741@mail.com	0	3	test_password_741
test_userid_742	test_username_742	test_userphone_742	userid_742@mail.com	0	3	test_password_742
test_userid_744	test_username_744	test_userphone_744	userid_744@mail.com	0	3	test_password_744
test_userid_745	test_username_745	test_userphone_745	userid_745@mail.com	0	3	test_password_745
test_userid_746	test_username_746	test_userphone_746	userid_746@mail.com	0	3	test_password_746
test_userid_747	test_username_747	test_userphone_747	userid_747@mail.com	0	3	test_password_747
test_userid_748	test_username_748	test_userphone_748	userid_748@mail.com	0	3	test_password_748
test_userid_749	test_username_749	test_userphone_749	userid_749@mail.com	0	3	test_password_749
test_userid_750	test_username_750	test_userphone_750	userid_750@mail.com	0	3	test_password_750
test_userid_751	test_username_751	test_userphone_751	userid_751@mail.com	0	3	test_password_751
test_userid_752	test_username_752	test_userphone_752	userid_752@mail.com	0	3	test_password_752
test_userid_753	test_username_753	test_userphone_753	userid_753@mail.com	0	3	test_password_753
test_userid_754	test_username_754	test_userphone_754	userid_754@mail.com	0	3	test_password_754
test_userid_755	test_username_755	test_userphone_755	userid_755@mail.com	0	3	test_password_755
test_userid_756	test_username_756	test_userphone_756	userid_756@mail.com	0	3	test_password_756
test_userid_757	test_username_757	test_userphone_757	userid_757@mail.com	0	3	test_password_757
test_userid_758	test_username_758	test_userphone_758	userid_758@mail.com	0	3	test_password_758
test_userid_759	test_username_759	test_userphone_759	userid_759@mail.com	0	3	test_password_759
test_userid_760	test_username_760	test_userphone_760	userid_760@mail.com	0	3	test_password_760
test_userid_761	test_username_761	test_userphone_761	userid_761@mail.com	0	3	test_password_761
test_userid_762	test_username_762	test_userphone_762	userid_762@mail.com	0	3	test_password_762
test_userid_763	test_username_763	test_userphone_763	userid_763@mail.com	0	3	test_password_763
test_userid_764	test_username_764	test_userphone_764	userid_764@mail.com	0	3	test_password_764
test_userid_765	test_username_765	test_userphone_765	userid_765@mail.com	0	3	test_password_765
test_userid_766	test_username_766	test_userphone_766	userid_766@mail.com	0	3	test_password_766
test_userid_767	test_username_767	test_userphone_767	userid_767@mail.com	0	3	test_password_767
test_userid_768	test_username_768	test_userphone_768	userid_768@mail.com	0	3	test_password_768
test_userid_769	test_username_769	test_userphone_769	userid_769@mail.com	0	3	test_password_769
test_userid_770	test_username_770	test_userphone_770	userid_770@mail.com	0	3	test_password_770
test_userid_771	test_username_771	test_userphone_771	userid_771@mail.com	0	3	test_password_771
test_userid_772	test_username_772	test_userphone_772	userid_772@mail.com	0	3	test_password_772
test_userid_773	test_username_773	test_userphone_773	userid_773@mail.com	0	3	test_password_773
test_userid_774	test_username_774	test_userphone_774	userid_774@mail.com	0	3	test_password_774
test_userid_775	test_username_775	test_userphone_775	userid_775@mail.com	0	3	test_password_775
test_userid_776	test_username_776	test_userphone_776	userid_776@mail.com	0	3	test_password_776
test_userid_777	test_username_777	test_userphone_777	userid_777@mail.com	0	3	test_password_777
test_userid_779	test_username_779	test_userphone_779	userid_779@mail.com	0	3	test_password_779
test_userid_780	test_username_780	test_userphone_780	userid_780@mail.com	0	3	test_password_780
test_userid_781	test_username_781	test_userphone_781	userid_781@mail.com	0	3	test_password_781
test_userid_782	test_username_782	test_userphone_782	userid_782@mail.com	0	3	test_password_782
test_userid_783	test_username_783	test_userphone_783	userid_783@mail.com	0	3	test_password_783
test_userid_784	test_username_784	test_userphone_784	userid_784@mail.com	0	3	test_password_784
test_userid_785	test_username_785	test_userphone_785	userid_785@mail.com	0	3	test_password_785
test_userid_786	test_username_786	test_userphone_786	userid_786@mail.com	0	3	test_password_786
test_userid_787	test_username_787	test_userphone_787	userid_787@mail.com	0	3	test_password_787
test_userid_789	test_username_789	test_userphone_789	userid_789@mail.com	0	3	test_password_789
test_userid_790	test_username_790	test_userphone_790	userid_790@mail.com	0	3	test_password_790
test_userid_791	test_username_791	test_userphone_791	userid_791@mail.com	0	3	test_password_791
test_userid_792	test_username_792	test_userphone_792	userid_792@mail.com	0	3	test_password_792
test_userid_793	test_username_793	test_userphone_793	userid_793@mail.com	0	3	test_password_793
test_userid_794	test_username_794	test_userphone_794	userid_794@mail.com	0	3	test_password_794
test_userid_795	test_username_795	test_userphone_795	userid_795@mail.com	0	3	test_password_795
test_userid_796	test_username_796	test_userphone_796	userid_796@mail.com	0	3	test_password_796
test_userid_797	test_username_797	test_userphone_797	userid_797@mail.com	0	3	test_password_797
test_userid_798	test_username_798	test_userphone_798	userid_798@mail.com	0	3	test_password_798
test_userid_799	test_username_799	test_userphone_799	userid_799@mail.com	0	3	test_password_799
test_userid_800	test_username_800	test_userphone_800	userid_800@mail.com	0	4	test_password_800
test_userid_802	test_username_802	test_userphone_802	userid_802@mail.com	0	4	test_password_802
test_userid_803	test_username_803	test_userphone_803	userid_803@mail.com	0	4	test_password_803
test_userid_804	test_username_804	test_userphone_804	userid_804@mail.com	0	4	test_password_804
test_userid_805	test_username_805	test_userphone_805	userid_805@mail.com	0	4	test_password_805
test_userid_806	test_username_806	test_userphone_806	userid_806@mail.com	0	4	test_password_806
test_userid_807	test_username_807	test_userphone_807	userid_807@mail.com	0	4	test_password_807
test_userid_808	test_username_808	test_userphone_808	userid_808@mail.com	0	4	test_password_808
test_userid_809	test_username_809	test_userphone_809	userid_809@mail.com	0	4	test_password_809
test_userid_810	test_username_810	test_userphone_810	userid_810@mail.com	0	4	test_password_810
test_userid_811	test_username_811	test_userphone_811	userid_811@mail.com	0	4	test_password_811
test_userid_812	test_username_812	test_userphone_812	userid_812@mail.com	0	4	test_password_812
test_userid_813	test_username_813	test_userphone_813	userid_813@mail.com	0	4	test_password_813
test_userid_814	test_username_814	test_userphone_814	userid_814@mail.com	0	4	test_password_814
test_userid_815	test_username_815	test_userphone_815	userid_815@mail.com	0	4	test_password_815
test_userid_816	test_username_816	test_userphone_816	userid_816@mail.com	0	4	test_password_816
test_userid_817	test_username_817	test_userphone_817	userid_817@mail.com	0	4	test_password_817
test_userid_818	test_username_818	test_userphone_818	userid_818@mail.com	0	4	test_password_818
test_userid_819	test_username_819	test_userphone_819	userid_819@mail.com	0	4	test_password_819
test_userid_820	test_username_820	test_userphone_820	userid_820@mail.com	0	4	test_password_820
test_userid_821	test_username_821	test_userphone_821	userid_821@mail.com	0	4	test_password_821
test_userid_822	test_username_822	test_userphone_822	userid_822@mail.com	0	4	test_password_822
test_userid_823	test_username_823	test_userphone_823	userid_823@mail.com	0	4	test_password_823
test_userid_824	test_username_824	test_userphone_824	userid_824@mail.com	0	4	test_password_824
test_userid_825	test_username_825	test_userphone_825	userid_825@mail.com	0	4	test_password_825
test_userid_826	test_username_826	test_userphone_826	userid_826@mail.com	0	4	test_password_826
test_userid_827	test_username_827	test_userphone_827	userid_827@mail.com	0	4	test_password_827
test_userid_828	test_username_828	test_userphone_828	userid_828@mail.com	0	4	test_password_828
test_userid_829	test_username_829	test_userphone_829	userid_829@mail.com	0	4	test_password_829
test_userid_830	test_username_830	test_userphone_830	userid_830@mail.com	0	4	test_password_830
test_userid_831	test_username_831	test_userphone_831	userid_831@mail.com	0	4	test_password_831
test_userid_832	test_username_832	test_userphone_832	userid_832@mail.com	0	4	test_password_832
test_userid_833	test_username_833	test_userphone_833	userid_833@mail.com	0	4	test_password_833
test_userid_834	test_username_834	test_userphone_834	userid_834@mail.com	0	4	test_password_834
test_userid_835	test_username_835	test_userphone_835	userid_835@mail.com	0	4	test_password_835
test_userid_837	test_username_837	test_userphone_837	userid_837@mail.com	0	4	test_password_837
test_userid_838	test_username_838	test_userphone_838	userid_838@mail.com	0	4	test_password_838
test_userid_839	test_username_839	test_userphone_839	userid_839@mail.com	0	4	test_password_839
test_userid_840	test_username_840	test_userphone_840	userid_840@mail.com	0	4	test_password_840
test_userid_841	test_username_841	test_userphone_841	userid_841@mail.com	0	4	test_password_841
test_userid_842	test_username_842	test_userphone_842	userid_842@mail.com	0	4	test_password_842
test_userid_843	test_username_843	test_userphone_843	userid_843@mail.com	0	4	test_password_843
test_userid_844	test_username_844	test_userphone_844	userid_844@mail.com	0	4	test_password_844
test_userid_845	test_username_845	test_userphone_845	userid_845@mail.com	0	4	test_password_845
test_userid_847	test_username_847	test_userphone_847	userid_847@mail.com	0	4	test_password_847
test_userid_848	test_username_848	test_userphone_848	userid_848@mail.com	0	4	test_password_848
test_userid_849	test_username_849	test_userphone_849	userid_849@mail.com	0	4	test_password_849
test_userid_850	test_username_850	test_userphone_850	userid_850@mail.com	0	4	test_password_850
test_userid_851	test_username_851	test_userphone_851	userid_851@mail.com	0	4	test_password_851
test_userid_852	test_username_852	test_userphone_852	userid_852@mail.com	0	4	test_password_852
test_userid_853	test_username_853	test_userphone_853	userid_853@mail.com	0	4	test_password_853
test_userid_854	test_username_854	test_userphone_854	userid_854@mail.com	0	4	test_password_854
test_userid_855	test_username_855	test_userphone_855	userid_855@mail.com	0	4	test_password_855
test_userid_856	test_username_856	test_userphone_856	userid_856@mail.com	0	4	test_password_856
test_userid_857	test_username_857	test_userphone_857	userid_857@mail.com	0	4	test_password_857
test_userid_858	test_username_858	test_userphone_858	userid_858@mail.com	0	4	test_password_858
test_userid_860	test_username_860	test_userphone_860	userid_860@mail.com	0	4	test_password_860
test_userid_861	test_username_861	test_userphone_861	userid_861@mail.com	0	4	test_password_861
test_userid_862	test_username_862	test_userphone_862	userid_862@mail.com	0	4	test_password_862
test_userid_863	test_username_863	test_userphone_863	userid_863@mail.com	0	4	test_password_863
test_userid_864	test_username_864	test_userphone_864	userid_864@mail.com	0	4	test_password_864
test_userid_865	test_username_865	test_userphone_865	userid_865@mail.com	0	4	test_password_865
test_userid_866	test_username_866	test_userphone_866	userid_866@mail.com	0	4	test_password_866
test_userid_867	test_username_867	test_userphone_867	userid_867@mail.com	0	4	test_password_867
test_userid_868	test_username_868	test_userphone_868	userid_868@mail.com	0	4	test_password_868
test_userid_869	test_username_869	test_userphone_869	userid_869@mail.com	0	4	test_password_869
test_userid_870	test_username_870	test_userphone_870	userid_870@mail.com	0	4	test_password_870
test_userid_871	test_username_871	test_userphone_871	userid_871@mail.com	0	4	test_password_871
test_userid_872	test_username_872	test_userphone_872	userid_872@mail.com	0	4	test_password_872
test_userid_873	test_username_873	test_userphone_873	userid_873@mail.com	0	4	test_password_873
test_userid_874	test_username_874	test_userphone_874	userid_874@mail.com	0	4	test_password_874
test_userid_875	test_username_875	test_userphone_875	userid_875@mail.com	0	4	test_password_875
test_userid_876	test_username_876	test_userphone_876	userid_876@mail.com	0	4	test_password_876
test_userid_877	test_username_877	test_userphone_877	userid_877@mail.com	0	4	test_password_877
test_userid_878	test_username_878	test_userphone_878	userid_878@mail.com	0	4	test_password_878
test_userid_879	test_username_879	test_userphone_879	userid_879@mail.com	0	4	test_password_879
test_userid_880	test_username_880	test_userphone_880	userid_880@mail.com	0	4	test_password_880
test_userid_881	test_username_881	test_userphone_881	userid_881@mail.com	0	4	test_password_881
test_userid_882	test_username_882	test_userphone_882	userid_882@mail.com	0	4	test_password_882
test_userid_883	test_username_883	test_userphone_883	userid_883@mail.com	0	4	test_password_883
test_userid_884	test_username_884	test_userphone_884	userid_884@mail.com	0	4	test_password_884
test_userid_885	test_username_885	test_userphone_885	userid_885@mail.com	0	4	test_password_885
test_userid_886	test_username_886	test_userphone_886	userid_886@mail.com	0	4	test_password_886
test_userid_887	test_username_887	test_userphone_887	userid_887@mail.com	0	4	test_password_887
test_userid_888	test_username_888	test_userphone_888	userid_888@mail.com	0	4	test_password_888
test_userid_889	test_username_889	test_userphone_889	userid_889@mail.com	0	4	test_password_889
test_userid_890	test_username_890	test_userphone_890	userid_890@mail.com	0	4	test_password_890
test_userid_891	test_username_891	test_userphone_891	userid_891@mail.com	0	4	test_password_891
test_userid_892	test_username_892	test_userphone_892	userid_892@mail.com	0	4	test_password_892
test_userid_893	test_username_893	test_userphone_893	userid_893@mail.com	0	4	test_password_893
test_userid_895	test_username_895	test_userphone_895	userid_895@mail.com	0	4	test_password_895
test_userid_896	test_username_896	test_userphone_896	userid_896@mail.com	0	4	test_password_896
test_userid_897	test_username_897	test_userphone_897	userid_897@mail.com	0	4	test_password_897
test_userid_898	test_username_898	test_userphone_898	userid_898@mail.com	0	4	test_password_898
test_userid_899	test_username_899	test_userphone_899	userid_899@mail.com	0	4	test_password_899
test_userid_900	test_username_900	test_userphone_900	userid_900@mail.com	0	4	test_password_900
test_userid_901	test_username_901	test_userphone_901	userid_901@mail.com	0	4	test_password_901
test_userid_902	test_username_902	test_userphone_902	userid_902@mail.com	0	4	test_password_902
test_userid_903	test_username_903	test_userphone_903	userid_903@mail.com	0	4	test_password_903
test_userid_905	test_username_905	test_userphone_905	userid_905@mail.com	0	4	test_password_905
test_userid_906	test_username_906	test_userphone_906	userid_906@mail.com	0	4	test_password_906
test_userid_907	test_username_907	test_userphone_907	userid_907@mail.com	0	4	test_password_907
test_userid_908	test_username_908	test_userphone_908	userid_908@mail.com	0	4	test_password_908
test_userid_909	test_username_909	test_userphone_909	userid_909@mail.com	0	4	test_password_909
test_userid_910	test_username_910	test_userphone_910	userid_910@mail.com	0	4	test_password_910
test_userid_911	test_username_911	test_userphone_911	userid_911@mail.com	0	4	test_password_911
test_userid_912	test_username_912	test_userphone_912	userid_912@mail.com	0	4	test_password_912
test_userid_913	test_username_913	test_userphone_913	userid_913@mail.com	0	4	test_password_913
test_userid_914	test_username_914	test_userphone_914	userid_914@mail.com	0	4	test_password_914
test_userid_915	test_username_915	test_userphone_915	userid_915@mail.com	0	4	test_password_915
test_userid_916	test_username_916	test_userphone_916	userid_916@mail.com	0	4	test_password_916
test_userid_918	test_username_918	test_userphone_918	userid_918@mail.com	0	4	test_password_918
test_userid_919	test_username_919	test_userphone_919	userid_919@mail.com	0	4	test_password_919
test_userid_920	test_username_920	test_userphone_920	userid_920@mail.com	0	4	test_password_920
test_userid_921	test_username_921	test_userphone_921	userid_921@mail.com	0	4	test_password_921
test_userid_922	test_username_922	test_userphone_922	userid_922@mail.com	0	4	test_password_922
test_userid_923	test_username_923	test_userphone_923	userid_923@mail.com	0	4	test_password_923
test_userid_924	test_username_924	test_userphone_924	userid_924@mail.com	0	4	test_password_924
test_userid_925	test_username_925	test_userphone_925	userid_925@mail.com	0	4	test_password_925
test_userid_926	test_username_926	test_userphone_926	userid_926@mail.com	0	4	test_password_926
test_userid_927	test_username_927	test_userphone_927	userid_927@mail.com	0	4	test_password_927
test_userid_928	test_username_928	test_userphone_928	userid_928@mail.com	0	4	test_password_928
test_userid_929	test_username_929	test_userphone_929	userid_929@mail.com	0	4	test_password_929
test_userid_930	test_username_930	test_userphone_930	userid_930@mail.com	0	4	test_password_930
test_userid_931	test_username_931	test_userphone_931	userid_931@mail.com	0	4	test_password_931
test_userid_932	test_username_932	test_userphone_932	userid_932@mail.com	0	4	test_password_932
test_userid_933	test_username_933	test_userphone_933	userid_933@mail.com	0	4	test_password_933
test_userid_934	test_username_934	test_userphone_934	userid_934@mail.com	0	4	test_password_934
test_userid_935	test_username_935	test_userphone_935	userid_935@mail.com	0	4	test_password_935
test_userid_936	test_username_936	test_userphone_936	userid_936@mail.com	0	4	test_password_936
test_userid_937	test_username_937	test_userphone_937	userid_937@mail.com	0	4	test_password_937
test_userid_938	test_username_938	test_userphone_938	userid_938@mail.com	0	4	test_password_938
test_userid_939	test_username_939	test_userphone_939	userid_939@mail.com	0	4	test_password_939
test_userid_940	test_username_940	test_userphone_940	userid_940@mail.com	0	4	test_password_940
test_userid_941	test_username_941	test_userphone_941	userid_941@mail.com	0	4	test_password_941
test_userid_942	test_username_942	test_userphone_942	userid_942@mail.com	0	4	test_password_942
test_userid_943	test_username_943	test_userphone_943	userid_943@mail.com	0	4	test_password_943
test_userid_944	test_username_944	test_userphone_944	userid_944@mail.com	0	4	test_password_944
test_userid_945	test_username_945	test_userphone_945	userid_945@mail.com	0	4	test_password_945
test_userid_946	test_username_946	test_userphone_946	userid_946@mail.com	0	4	test_password_946
test_userid_947	test_username_947	test_userphone_947	userid_947@mail.com	0	4	test_password_947
test_userid_948	test_username_948	test_userphone_948	userid_948@mail.com	0	4	test_password_948
test_userid_949	test_username_949	test_userphone_949	userid_949@mail.com	0	4	test_password_949
test_userid_950	test_username_950	test_userphone_950	userid_950@mail.com	0	4	test_password_950
test_userid_951	test_username_951	test_userphone_951	userid_951@mail.com	0	4	test_password_951
test_userid_953	test_username_953	test_userphone_953	userid_953@mail.com	0	4	test_password_953
test_userid_954	test_username_954	test_userphone_954	userid_954@mail.com	0	4	test_password_954
test_userid_955	test_username_955	test_userphone_955	userid_955@mail.com	0	4	test_password_955
test_userid_956	test_username_956	test_userphone_956	userid_956@mail.com	0	4	test_password_956
test_userid_957	test_username_957	test_userphone_957	userid_957@mail.com	0	4	test_password_957
test_userid_958	test_username_958	test_userphone_958	userid_958@mail.com	0	4	test_password_958
test_userid_959	test_username_959	test_userphone_959	userid_959@mail.com	0	4	test_password_959
test_userid_960	test_username_960	test_userphone_960	userid_960@mail.com	0	4	test_password_960
test_userid_961	test_username_961	test_userphone_961	userid_961@mail.com	0	4	test_password_961
test_userid_0	test_username_0	test_userphone_0	userid_0@mail.com	0	0	test_password_0
test_userid_10	test_username_10	test_userphone_10	userid_10@mail.com	0	0	test_password_10
test_userid_50	test_username_50	test_userphone_50	userid_50@mail.com	0	0	test_password_50
test_userid_92	test_username_92	test_userphone_92	userid_92@mail.com	0	0	test_password_92
test_userid_105	test_username_105	test_userphone_105	userid_105@mail.com	0	0	test_password_105
test_userid_140	test_username_140	test_userphone_140	userid_140@mail.com	0	0	test_password_140
test_userid_150	test_username_150	test_userphone_150	userid_150@mail.com	0	0	test_password_150
test_userid_163	test_username_163	test_userphone_163	userid_163@mail.com	0	0	test_password_163
test_userid_198	test_username_198	test_userphone_198	userid_198@mail.com	0	0	test_password_198
test_userid_208	test_username_208	test_userphone_208	userid_208@mail.com	0	1	test_password_208
test_userid_221	test_username_221	test_userphone_221	userid_221@mail.com	0	1	test_password_221
test_userid_256	test_username_256	test_userphone_256	userid_256@mail.com	0	1	test_password_256
test_userid_266	test_username_266	test_userphone_266	userid_266@mail.com	0	1	test_password_266
test_userid_279	test_username_279	test_userphone_279	userid_279@mail.com	0	1	test_password_279
test_userid_314	test_username_314	test_userphone_314	userid_314@mail.com	0	1	test_password_314
test_userid_324	test_username_324	test_userphone_324	userid_324@mail.com	0	1	test_password_324
test_userid_337	test_username_337	test_userphone_337	userid_337@mail.com	0	1	test_password_337
test_userid_372	test_username_372	test_userphone_372	userid_372@mail.com	0	1	test_password_372
test_userid_382	test_username_382	test_userphone_382	userid_382@mail.com	0	1	test_password_382
test_userid_395	test_username_395	test_userphone_395	userid_395@mail.com	0	1	test_password_395
test_userid_963	test_username_963	test_userphone_963	userid_963@mail.com	0	4	test_password_963
test_userid_964	test_username_964	test_userphone_964	userid_964@mail.com	0	4	test_password_964
test_userid_965	test_username_965	test_userphone_965	userid_965@mail.com	0	4	test_password_965
test_userid_966	test_username_966	test_userphone_966	userid_966@mail.com	0	4	test_password_966
test_userid_967	test_username_967	test_userphone_967	userid_967@mail.com	0	4	test_password_967
test_userid_968	test_username_968	test_userphone_968	userid_968@mail.com	0	4	test_password_968
test_userid_969	test_username_969	test_userphone_969	userid_969@mail.com	0	4	test_password_969
test_userid_970	test_username_970	test_userphone_970	userid_970@mail.com	0	4	test_password_970
test_userid_971	test_username_971	test_userphone_971	userid_971@mail.com	0	4	test_password_971
test_userid_972	test_username_972	test_userphone_972	userid_972@mail.com	0	4	test_password_972
test_userid_973	test_username_973	test_userphone_973	userid_973@mail.com	0	4	test_password_973
test_userid_974	test_username_974	test_userphone_974	userid_974@mail.com	0	4	test_password_974
test_userid_975	test_username_975	test_userphone_975	userid_975@mail.com	0	4	test_password_975
test_userid_976	test_username_976	test_userphone_976	userid_976@mail.com	0	4	test_password_976
test_userid_978	test_username_978	test_userphone_978	userid_978@mail.com	0	4	test_password_978
test_userid_979	test_username_979	test_userphone_979	userid_979@mail.com	0	4	test_password_979
test_userid_980	test_username_980	test_userphone_980	userid_980@mail.com	0	4	test_password_980
test_userid_981	test_username_981	test_userphone_981	userid_981@mail.com	0	4	test_password_981
test_userid_982	test_username_982	test_userphone_982	userid_982@mail.com	0	4	test_password_982
test_userid_983	test_username_983	test_userphone_983	userid_983@mail.com	0	4	test_password_983
test_userid_984	test_username_984	test_userphone_984	userid_984@mail.com	0	4	test_password_984
test_userid_985	test_username_985	test_userphone_985	userid_985@mail.com	0	4	test_password_985
test_userid_986	test_username_986	test_userphone_986	userid_986@mail.com	0	4	test_password_986
test_userid_987	test_username_987	test_userphone_987	userid_987@mail.com	0	4	test_password_987
test_userid_988	test_username_988	test_userphone_988	userid_988@mail.com	0	4	test_password_988
test_userid_989	test_username_989	test_userphone_989	userid_989@mail.com	0	4	test_password_989
test_userid_990	test_username_990	test_userphone_990	userid_990@mail.com	0	4	test_password_990
test_userid_991	test_username_991	test_userphone_991	userid_991@mail.com	0	4	test_password_991
test_userid_992	test_username_992	test_userphone_992	userid_992@mail.com	0	4	test_password_992
test_userid_993	test_username_993	test_userphone_993	userid_993@mail.com	0	4	test_password_993
test_userid_994	test_username_994	test_userphone_994	userid_994@mail.com	0	4	test_password_994
test_userid_995	test_username_995	test_userphone_995	userid_995@mail.com	0	4	test_password_995
test_userid_996	test_username_996	test_userphone_996	userid_996@mail.com	0	4	test_password_996
test_userid_997	test_username_997	test_userphone_997	userid_997@mail.com	0	4	test_password_997
test_userid_998	test_username_998	test_userphone_998	userid_998@mail.com	0	4	test_password_998
test_userid_999	test_username_999	test_userphone_999	userid_999@mail.com	0	4	test_password_999
test_userid_430	test_username_430	test_userphone_430	userid_430@mail.com	0	2	test_password_430
test_userid_440	test_username_440	test_userphone_440	userid_440@mail.com	0	2	test_password_440
test_userid_453	test_username_453	test_userphone_453	userid_453@mail.com	0	2	test_password_453
test_userid_488	test_username_488	test_userphone_488	userid_488@mail.com	0	2	test_password_488
test_userid_498	test_username_498	test_userphone_498	userid_498@mail.com	0	2	test_password_498
test_userid_511	test_username_511	test_userphone_511	userid_511@mail.com	0	2	test_password_511
test_userid_546	test_username_546	test_userphone_546	userid_546@mail.com	0	2	test_password_546
test_userid_556	test_username_556	test_userphone_556	userid_556@mail.com	0	2	test_password_556
test_userid_569	test_username_569	test_userphone_569	userid_569@mail.com	0	2	test_password_569
test_userid_604	test_username_604	test_userphone_604	userid_604@mail.com	0	3	test_password_604
test_userid_614	test_username_614	test_userphone_614	userid_614@mail.com	0	3	test_password_614
test_userid_627	test_username_627	test_userphone_627	userid_627@mail.com	0	3	test_password_627
test_userid_662	test_username_662	test_userphone_662	userid_662@mail.com	0	3	test_password_662
test_userid_672	test_username_672	test_userphone_672	userid_672@mail.com	0	3	test_password_672
test_userid_685	test_username_685	test_userphone_685	userid_685@mail.com	0	3	test_password_685
test_userid_720	test_username_720	test_userphone_720	userid_720@mail.com	0	3	test_password_720
test_userid_730	test_username_730	test_userphone_730	userid_730@mail.com	0	3	test_password_730
test_userid_743	test_username_743	test_userphone_743	userid_743@mail.com	0	3	test_password_743
test_userid_778	test_username_778	test_userphone_778	userid_778@mail.com	0	3	test_password_778
test_userid_788	test_username_788	test_userphone_788	userid_788@mail.com	0	3	test_password_788
test_userid_801	test_username_801	test_userphone_801	userid_801@mail.com	0	4	test_password_801
test_userid_836	test_username_836	test_userphone_836	userid_836@mail.com	0	4	test_password_836
test_userid_846	test_username_846	test_userphone_846	userid_846@mail.com	0	4	test_password_846
test_userid_859	test_username_859	test_userphone_859	userid_859@mail.com	0	4	test_password_859
test_userid_894	test_username_894	test_userphone_894	userid_894@mail.com	0	4	test_password_894
test_userid_904	test_username_904	test_userphone_904	userid_904@mail.com	0	4	test_password_904
test_userid_917	test_username_917	test_userphone_917	userid_917@mail.com	0	4	test_password_917
test_userid_952	test_username_952	test_userphone_952	userid_952@mail.com	0	4	test_password_952
test_userid_962	test_username_962	test_userphone_962	userid_962@mail.com	0	4	test_password_962
test_userid_977	test_username_977	test_userphone_977	userid_977@mail.com	0	4	test_password_977
\.


--
-- Data for Name: workhour; Type: TABLE DATA; Schema: public; Owner: postgres
--

COPY public.workhour (workhourid, applytime, applyerid, approverid, featurename, activityname, starttimestamp, endtimestamp, status, projectid, applyername, approvername) FROM stdin;
2032-0000-S-04-0002	2020-04-13	0000	0000	test 2	外包验收	2020-04-13 15:14:49	2020-04-13 16:14:49	0	2032-0000-S-04	项目经理	项目经理
2032-0000-S-03-0001	2020-04-14	0000	0000	导入功能2	编码	2020-04-14 00:33:29	2020-04-14 01:33:29	0	2032-0000-S-03	项目经理	项目经理
2032-0000-S-01-0001	2020-04-13	0005	0005	feature 1	编码	2020-04-13 10:01:22	2020-04-13 11:01:22	0	2032-0000-S-01	香蕉君	香蕉君
2032-0000-S-01-0002	2020-04-13	0000	0000	feature 3	需求开发	2020-04-13 13:48:19	2020-04-13 14:48:19	2	2032-0000-S-01	项目经理	项目经理
2032-0000-S-01-0003	2020-04-13	0000	0000	feature 3	编码	2020-04-13 13:51:45	2020-04-13 14:51:45	1	2032-0000-S-01	项目经理	项目经理
2032-0000-S-04-0001	2020-04-13	0000	0000	test 2	需求开发	2020-04-13 15:13:35	2020-04-13 16:13:35	2	2032-0000-S-04	项目经理	项目经理
\.


--
-- Name: risklist_riskid_seq; Type: SEQUENCE SET; Schema: public; Owner: postgres
--

SELECT pg_catalog.setval('public.risklist_riskid_seq', 47, true);


--
-- Name: archives archives_pkey; Type: CONSTRAINT; Schema: public; Owner: postgres
--

ALTER TABLE ONLY public.archives
    ADD CONSTRAINT archives_pkey PRIMARY KEY (projectid);


--
-- Name: client client_pkey; Type: CONSTRAINT; Schema: public; Owner: postgres
--

ALTER TABLE ONLY public.client
    ADD CONSTRAINT client_pkey PRIMARY KEY (clientid);


--
-- Name: deviceidlist deviceidlist_pkey; Type: CONSTRAINT; Schema: public; Owner: postgres
--

ALTER TABLE ONLY public.deviceidlist
    ADD CONSTRAINT deviceidlist_pkey PRIMARY KEY (deviceid);


--
-- Name: devices devices_pkey; Type: CONSTRAINT; Schema: public; Owner: postgres
--

ALTER TABLE ONLY public.devices
    ADD CONSTRAINT devices_pkey PRIMARY KEY (deviceregisteruuid);


--
-- Name: domain domain_pkey; Type: CONSTRAINT; Schema: public; Owner: postgres
--

ALTER TABLE ONLY public.domain
    ADD CONSTRAINT domain_pkey PRIMARY KEY (projectid);


--
-- Name: domainlist domainlist_pkey; Type: CONSTRAINT; Schema: public; Owner: postgres
--

ALTER TABLE ONLY public.domainlist
    ADD CONSTRAINT domainlist_pkey PRIMARY KEY (domain);


--
-- Name: featurelist featurelist_pkey; Type: CONSTRAINT; Schema: public; Owner: postgres
--

ALTER TABLE ONLY public.featurelist
    ADD CONSTRAINT featurelist_pkey PRIMARY KEY (featureid);


--
-- Name: filepermission filepermission_pkey; Type: CONSTRAINT; Schema: public; Owner: postgres
--

ALTER TABLE ONLY public.filepermission
    ADD CONSTRAINT filepermission_pkey PRIMARY KEY (projectid, memberid);


--
-- Name: gitpermission gitpermission_pkey; Type: CONSTRAINT; Schema: public; Owner: postgres
--

ALTER TABLE ONLY public.gitpermission
    ADD CONSTRAINT gitpermission_pkey PRIMARY KEY (projectid, memberid);


--
-- Name: gitrepos gitrepos_pkey; Type: CONSTRAINT; Schema: public; Owner: postgres
--

ALTER TABLE ONLY public.gitrepos
    ADD CONSTRAINT gitrepos_pkey PRIMARY KEY (projectid);


--
-- Name: mailpermission mailpermission_pkey; Type: CONSTRAINT; Schema: public; Owner: postgres
--

ALTER TABLE ONLY public.mailpermission
    ADD CONSTRAINT mailpermission_pkey PRIMARY KEY (projectid, memberid);


--
-- Name: members members_pkey; Type: CONSTRAINT; Schema: public; Owner: postgres
--

ALTER TABLE ONLY public.members
    ADD CONSTRAINT members_pkey PRIMARY KEY (projectid, memberid);


--
-- Name: project project_pkey; Type: CONSTRAINT; Schema: public; Owner: postgres
--

ALTER TABLE ONLY public.project
    ADD CONSTRAINT project_pkey PRIMARY KEY (projectid);


--
-- Name: projectidlist projectidlist_pkey; Type: CONSTRAINT; Schema: public; Owner: postgres
--

ALTER TABLE ONLY public.projectidlist
    ADD CONSTRAINT projectidlist_pkey PRIMARY KEY (projectid);


--
-- Name: projectsubstatus projectsubstatus_pkey; Type: CONSTRAINT; Schema: public; Owner: postgres
--

ALTER TABLE ONLY public.projectsubstatus
    ADD CONSTRAINT projectsubstatus_pkey PRIMARY KEY (projectid);


--
-- Name: riskholders riskholders_pkey; Type: CONSTRAINT; Schema: public; Owner: postgres
--

ALTER TABLE ONLY public.riskholders
    ADD CONSTRAINT riskholders_pkey PRIMARY KEY (riskholder, riskid);


--
-- Name: risklist risklist_pkey; Type: CONSTRAINT; Schema: public; Owner: postgres
--

ALTER TABLE ONLY public.risklist
    ADD CONSTRAINT risklist_pkey PRIMARY KEY (riskid);


--
-- Name: users users_pkey; Type: CONSTRAINT; Schema: public; Owner: postgres
--

ALTER TABLE ONLY public.users
    ADD CONSTRAINT users_pkey PRIMARY KEY (userid);


--
-- Name: workhour workhour_pkey; Type: CONSTRAINT; Schema: public; Owner: postgres
--

ALTER TABLE ONLY public.workhour
    ADD CONSTRAINT workhour_pkey PRIMARY KEY (workhourid);


--
-- Name: devices devices_id_fkey; Type: FK CONSTRAINT; Schema: public; Owner: postgres
--

ALTER TABLE ONLY public.devices
    ADD CONSTRAINT devices_id_fkey FOREIGN KEY (deviceid) REFERENCES public.deviceidlist(deviceid) NOT VALID;


--
-- Name: members members_project_fkey; Type: FK CONSTRAINT; Schema: public; Owner: postgres
--

ALTER TABLE ONLY public.members
    ADD CONSTRAINT members_project_fkey FOREIGN KEY (projectid) REFERENCES public.project(projectid);


--
-- Name: members members_users_fkey; Type: FK CONSTRAINT; Schema: public; Owner: postgres
--

ALTER TABLE ONLY public.members
    ADD CONSTRAINT members_users_fkey FOREIGN KEY (memberid) REFERENCES public.users(userid);


--
-- Name: domain projectid_domain_pkey; Type: FK CONSTRAINT; Schema: public; Owner: postgres
--

ALTER TABLE ONLY public.domain
    ADD CONSTRAINT projectid_domain_pkey FOREIGN KEY (projectid) REFERENCES public.project(projectid);


--
-- Name: members superior_users_fkey; Type: FK CONSTRAINT; Schema: public; Owner: postgres
--

ALTER TABLE ONLY public.members
    ADD CONSTRAINT superior_users_fkey FOREIGN KEY (superiorid) REFERENCES public.users(userid);


--
-- PostgreSQL database dump complete
--

